,MinTemp,MaxTemp,Rainfall,Evaporation,Sunshine,WindSpeed9am,WindSpeed3pm,Humidity9am,Humidity3pm,Pressure9am,Pressure3pm,Cloud9am,Cloud3pm,Temp9am,Temp3pm,RainToday,ENE_A,ESE_A,E_A,NE_A,NNE_A,NNW_A,NW_A,N_A,SE_A,SSE_A,SSW_A,SW_A,S_A,WNW_A,WSW_A,W_A,ENE_B,ESE_B,E_B,NE_B,NNE_B,NNW_B,NW_B,N_B,SE_B,SSE_B,SSW_B,SW_B,S_B,WNW_B,WSW_B,W_B,Spring,Summer,Autumn,Winter
0,0.020668979803554585,-0.024898952850443194,0.028895291928754983,0.0014126068743489986,0.12454156697363693,-0.0027577195752014243,0.0036695322137335774,0.010612287764971294,0.14440783610290564,0.010258117298988893,0.03413595206979528,-0.014179600581420813,0.028935571962438216,-0.027651898913381757,-0.014110778244236167,-0.002411501136486307,-0.0011240201981389576,-0.0002765232330504809,0.0,0.0,0.0,0.0008278861012072168,0.0010396323534399624,-0.003092372997530817,0.0005452295144025154,-0.0005462691943496246,0.001127329172541125,-0.0006017985582110615,0.0028539237463041573,-0.0013965087337980066,-0.0020807583328227735,-0.002247854218909391,0.0,0.0007390586226090756,0.0,0.00030102894500380113,-0.0009447396094599372,-0.0008807645742975629,-0.0004061430247327442,-0.002242400794033558,0.0003297446529582267,0.003991841147179065,-0.0008873028762488793,0.0004296546784397859,0.0035288913202577094,-0.0006858946039695369,0.007081025774551132,0.0002200258978530356,-0.0066821002529462315,0.006707680029834441,-0.007249009946937412,0.0006015598773956299
1,-0.090672384975059,0.07069336383229248,-0.007484314020968407,0.006156730618361074,0.08640725815072627,0.0022788561505093083,0.02537324320884745,-0.020729036256824096,-0.12369333985814036,0.025651116814859366,0.16872967014701268,-0.012464032505864912,0.03259844026999425,0.09419371598533177,0.038049207483843335,0.0007427822205190215,0.0006461426513484293,0.0008055801936021422,0.0,0.0,0.0,0.0,0.001832488832470038,-0.004734845787691734,0.0,-0.0012997079836365075,0.0015613758913640085,-0.001838210867789724,0.0023907606293544015,0.0007960372228133869,0.013071314500506076,0.0,0.0,0.0,0.0,0.0,-0.0014672485342556495,-0.0017519342785481777,0.0,-0.0030509403905699503,0.0,0.003222438729437649,0.0,0.0,0.002556937777527712,0.03097173647654185,0.0,0.0,-0.007329185306683546,-0.024742197512214282,0.001042008399963379,0.0
2,0.0,-0.0013974566612283427,0.004442114050179442,0.004456505266620918,0.073052652439921,0.004363798912399422,-0.028696892654716463,-0.0010935674284613165,0.009810411959832685,0.02147035872531647,0.21146856921723658,-0.0075029424566146865,0.02283074558709877,-0.004633062434203921,0.0,-0.0019228776758730005,0.0006220382918427097,0.0,0.0,0.0,0.0,0.0,0.0,-0.00327812214757265,0.0,0.0,0.0014615385293248705,0.0,0.0018099205955054009,0.0,-0.0014492711792817535,0.0,0.0,0.0,0.0,0.0,0.0,-0.0008199892221037777,0.0,-0.0017211664330040672,0.0,0.0020552999937123715,0.0,0.0,0.0023226252442431496,0.01850290537557341,0.0,0.0,0.02526014977136258,0.003565289398799815,0.0020714983209275933,0.0007767081260681152
3,-0.0195576709019689,0.04281303508890549,0.0,0.007181084246709868,0.09378907404792608,0.0043325088928517904,0.08012198422882987,-0.007775947682671948,-0.10219670377298212,0.009409447125511875,0.14908908846986008,-0.007933363417597603,0.02603379122084076,0.022799927159718802,0.018896165183570412,-0.002442691990875008,0.0,0.0,0.0,0.0,0.0,0.0,0.0,0.005811603018162776,0.0,0.0,0.0016605215241908729,0.0,0.0030280846268620995,-0.001642771911767369,-0.0015691814786770674,0.0,0.0,0.0,0.0,0.0,0.0,0.0,0.0,0.00909220217471057,0.0,0.0019285064961096245,0.0,0.0,0.00375397024673747,0.0,0.0,0.0,-0.005167178654332002,0.006192080810636775,-0.0065879225730896,0.0
4,-0.030240501090711566,0.014977895996122552,-0.004381659925062381,0.004597447332683377,0.046531615254501224,0.0010618304350531484,0.016325297910069193,0.0,0.12405334452850485,0.013188461098947024,0.14949884907735062,-0.010903852918647525,0.022050689665080656,0.027315795625680504,0.005027146685769877,0.0,0.0,0.0,0.0,0.0,0.013088199206859365,0.0015714395590996297,0.0,-0.0024894464709310955,0.0,0.0,0.0014446245220073163,0.0,0.0022171344674861,-0.0015070555900918309,0.0,0.0,0.0,0.0,0.0,0.0,0.0058044609287014395,0.0,0.0,-0.002192950828641211,0.0019771625703817763,0.0025960007319800475,0.0,0.0,0.002433516586751171,0.0,0.0,0.0,-0.0056524628975850736,-0.015062925519121258,0.0020427400927450806,0.0009536445140838623
5,0.00876636910922814,0.01232917290936117,-0.013212476266580927,-0.0030592459626475194,0.033874512182407945,0.0012710433242632251,0.004392602748279022,-0.003987973370616101,0.043474780732771084,-0.012703879239688834,-0.10814744454626961,-0.028118122099121883,0.038469171283372836,-0.002331363872677784,-0.00022242057282910764,0.0012208693824715046,-0.00034784265855093076,0.0,0.0,0.0,0.0,0.0,0.0,-0.0062826415513227785,0.0,0.0006559203146443385,0.002782811679350196,0.008441985096933266,0.004479729099720472,-0.0020884600342985474,-0.002758414663103505,-0.0009112046093965754,0.0,0.0009456492361024284,0.0,-0.0005395292388861231,-0.0002010556601372022,-0.0008458868334599487,-0.0011710413844178362,-0.0029499450077613053,0.0006490189593155962,0.0033924513682825454,-0.0006818540700837792,0.001649839292644509,-0.017566739562662255,-0.0008900575452881463,0.0,-0.0006482741564319318,-0.011934829150269423,-0.03829376143093398,0.003543192522416056,-0.0016184225678443909
6,-0.015412289687189091,0.013020227552283657,0.010536619459046,-0.002853407988262612,0.030803196586734388,0.0006855766388220998,0.0036112061427472203,-0.005067667050376465,-0.02480393753684494,-0.012237985700117127,-0.10982938609570196,-0.028460959731547355,0.03706122299505119,0.0036279046718540368,0.009687298146104346,-0.003607734750330307,0.0,0.0,0.0,0.0,0.0,0.0,0.00042210496802874735,-0.006208558172546298,0.00033735150207183984,0.0004925495637617167,0.002905504373863966,0.0086002046035706,0.004353233758118165,-0.0022854780070127286,-0.002862741856321115,-0.00106905455254079,0.0,0.0010418137188249522,0.0,-0.0004661480741208158,-0.00026049688672487076,-0.0010668756054620762,-0.0013949151467687385,-0.003173620784452525,0.0007043267552313379,0.0034741109742589763,-0.000506934812498182,0.0012536494036263289,-0.017415132505138917,-0.0014091054807465599,-0.00031681573276049683,-0.0006075749835040415,-0.012264064836396627,-0.03848706491294567,0.003451485630255871,-0.002032950520515442
7,-0.02939450273125894,0.011059187014508413,0.026838048237144436,0.0031967976620385767,-0.0378141313419676,-0.008197197209639025,0.03254245411238235,0.014690642299565774,-0.04022121969412614,0.034260767416386465,0.17312550151655656,-0.01626615191068719,-0.039825101626023325,0.014654334949059147,0.006691997692917238,-0.0036053628261143223,0.0,0.0,0.0,0.0,0.0305556733100894,-0.00032494169640050674,-0.00032867997145811774,-0.005687171491559554,0.000561388783204768,0.0007421204785418257,0.0031808910024698238,-0.0011187958788054391,0.004128001662866359,-0.001829073471903962,-0.001826067730312122,-0.00119701477090575,0.0,0.0005358409316034744,0.0,-0.00027131220608444715,-0.0001493609562669664,-0.0009010172389271149,-0.0011632263289776132,-0.002551246211892528,0.0006364442068565804,-0.03576960797527954,0.0,0.0010720061518186628,0.004693861857168504,-0.0015532020112089676,-0.0007320050035766698,-0.0008469159877279439,-0.010084535283411323,-0.032728045335593314,0.00271722674369812,0.0
8,-0.04659191388162013,0.014032685416525399,0.002710417334819457,-0.008794278732061825,-0.12448264789406484,0.0021346775842489177,0.06985788511335227,-0.002214861043159112,-0.12153403735901583,-0.006027036990690394,-0.10022390519180177,-0.019168248223450007,-0.11220955374557832,0.031063147079766127,0.011342758564031974,-0.0020017031596047063,0.0011656442375585713,0.0006432260759117305,0.0,0.0,0.0,-0.001177773145935219,0.00048055032397250404,-0.004172448038620601,0.0009500025931563474,0.0004497901236286792,0.003101732111656394,0.006808121840095404,0.0038033957949169237,-0.0004913341599004968,-0.002033092063191794,0.0,0.0,0.0,0.0,0.0,0.0,0.0006157987753968542,-0.000855769208915631,-0.0016507045812057316,0.0,-0.030391752943932333,-0.0021532264172386024,0.0007397961008536614,0.002678963926567116,-0.0009788123249457846,0.0,-0.0015692773186783973,-0.010018233016642624,-0.029176622696920403,0.0018508200300251642,-0.0029948651790618896
9,0.0025211970626257654,-0.029914331204829902,-0.012071113039481236,0.0021424731076776344,0.16550586027902123,-0.007344923625164907,-0.030411188290864404,0.0048793583018111,0.10763376681460446,-0.017913024057701264,-0.14919408597293446,-0.01615967823735683,0.03825629562258651,-0.01207488902422373,-0.011690958903584672,0.001964648664986381,-0.0006001134416472457,-0.0003498232136374063,0.0,0.0,0.0,-0.0006147205594351617,0.0,-0.0062178695684567565,-0.0006363845069384627,0.00031728141864476137,0.0025861431361386784,0.0,0.003583204363630562,0.03473748518455972,-0.0019460341625050536,-0.000180080388215413,0.0,0.0022273828472013173,0.0,0.0004987151126902904,-0.0007136366295988867,-0.000762439624016831,-0.0010551927286780458,-0.0033670155720527456,0.000676743020295727,0.004044881741456721,-0.00037405151564037705,0.0022971260429376296,0.004682246121142522,-0.000930530281350379,0.012521022282927622,-0.0004877232130801573,-0.009332849287573787,0.008936086009063971,0.002229937523372855,0.003209538757801056
10,-0.0015307771798539714,-0.0038901277010956682,-0.0050126746830128875,-0.008897460142099115,0.011916953489067269,-0.001486273531788223,0.007420859950701112,0.013718426607610464,-0.017630155314081936,-0.019759871382498635,0.2663337521566018,-0.018064606851911615,0.011079367443730604,0.0034798167965738114,-0.003655382285205431,-0.009091628111653358,0.0,0.0,0.00011965423153121663,-0.0003477956158182782,-0.000405246251625068,0.0008552416363584852,-0.00035835186521841853,0.024089196180658315,-0.00022134372223208063,0.0031194903784528523,0.001567532293528415,8.614440556882742e-05,-0.0003557147479967069,-0.0007929645127802258,0.0012374042252728847,0.0005991637951428559,0.00015982447167794793,0.0,0.0,0.0,0.0,-0.002175053110977552,0.019633370255770954,0.002443079646539971,0.0003888660133007784,0.0032390183131316658,0.00035101449937434724,0.0005476308533794795,0.0059754335098034135,0.0003786227461761621,-0.0008994322287195104,0.0012292141573727374,-0.006232760471755686,0.009002450875287584,0.0016153035181487164,0.011383622884750366
11,0.0008286438134943948,-0.004615515656590792,0.050307046580763855,0.00474369784598051,-0.018111103866440516,0.0022820415190576647,-0.025097214364701945,-0.0008120989481451462,0.13793321650280263,-0.006512567786593784,0.07725861262590643,0.032187909084018,0.012450811278962012,-0.010902284333906912,-0.0022499858637621177,0.03657655015507752,0.0,0.0,-0.0008457777166492273,-0.0006773073925871621,-0.0010689489247298822,0.0012318774340452094,0.0,-0.013808726179124207,-0.0003783951486407746,0.0029032852546845064,0.0014307514931283368,0.0009381431743525788,0.0,0.01756387927810181,0.0012154476937600066,0.00041949920844604064,0.00036716293781531253,0.0,0.0,-0.0005928892117458989,0.0,-0.0026537690418286897,-0.0011841110874325673,0.0017723058109412257,-0.00023107948716852614,0.003351513275953581,-0.0033205167410057233,0.0004239929455400736,0.0066686632395969786,-0.000156405219250927,-0.0011800899624658503,-0.0005169148304489535,0.020176643807325947,0.008007013693205932,0.0017696181232073499,-0.0030957162380218506
12,0.00020858913219846725,-0.0038949734960665055,0.020038139460414328,0.009032591638846468,-0.010015811101117131,0.0004857889615700573,0.022203148127152243,-0.008029895003265635,0.08348320508178148,-0.00035160454970574944,0.05265361889683068,0.03826753540988675,0.034622094959904974,-0.024883362224309556,-0.0019489643397590092,0.044508317191166,0.0,0.0,7.49997593262731e-05,-0.00033440644528221375,-0.0013344560817841425,0.0008858487756113325,0.0,0.025645316155834416,0.0002673543683540912,0.0027955296945058002,0.002895437095811833,0.000218603152596943,-0.00023389635249212084,-0.0001552098611877054,0.0010806049589197843,0.0008832389705611232,0.00019905824188102352,0.0,0.0,-0.0007174009549029164,-0.0008895851704553513,-0.002923603888105752,-0.000865501471997753,-0.011314722944929433,0.0007011688944396166,0.0035279216211015923,0.0011731272162519943,-0.00039599082048809785,0.006767176223618832,-0.0004186282686078075,-0.0008665095728998483,0.0010097374575572331,-0.007468787990617964,0.009841156562174401,0.0012243978762097882,0.011164188385009766
13,-0.0013780509280167381,-0.0014844653666331944,-0.007138427260003928,0.0113207250954175,0.07274183556114414,0.0020955999106192823,-0.0006900427457754227,0.009672251815471522,-0.07104950587608529,0.0019929193477762276,0.07984559516470355,-0.027597542642889612,0.03491511900590234,0.009553403717687734,-0.002796460343229717,-0.012169599009373594,0.0,0.0,-4.7336375186205626e-05,-0.0005641866222402014,0.016981007348587353,0.0008523740606370483,0.00021914725667468112,-0.02046672259113502,0.00016674778741017132,0.0028957367269590068,0.0021340826154382536,0.0004915113278986944,0.00022529403338388617,-0.0005863092614875566,0.0023750556847348466,0.0008187168160672186,0.000512983983564055,0.0,0.0,-0.00036783795653138435,-0.0007920654752440794,-0.0038575735478468005,-0.0017160010409428977,-0.008420848273716123,0.0002609386970106073,0.00441014438618023,0.0004922838562193269,0.0005847716565479846,0.008298579232865061,-0.00013800749508977391,-0.0006768528211313068,0.0012947969432340791,-0.009434767684592029,0.01110172233695516,-0.007387526844816435,-0.004445776343345642
14,-0.0007246788468698229,-0.0025105766747029043,-0.0045573822858877705,-0.006488541755410608,0.05569401820166743,0.0,0.010823618011385054,0.0,0.11308070497033663,-0.012104408527660569,0.21771157815744024,-0.020046854399614004,0.020067579699352158,0.0034305014141341665,-0.0022715839442902256,-0.005220009927443691,0.0,0.0,-0.0009845674716187265,0.0,0.0,0.0,0.0,0.017682582976553556,0.0,0.0016103051862725506,0.0,0.0,0.0,0.0,0.0,0.0,0.0,0.0,0.0,-0.0008666048954551834,0.0,-0.001298528143890783,0.0,-0.005165135135851969,0.0,0.003117892181303243,0.0,0.0,0.003437799261436055,0.0,0.0,0.0,-0.005403555561469738,0.0059664248761862335,-0.0023231502689776053,-0.0018942654132843018
15,-0.002709155021475121,-0.003933007018119185,-0.008846045465925418,0.00582265374365017,-0.0745638265863148,0.0,-0.023348415829590692,-0.0026545109342281845,-0.074743394900192,0.023339781376858184,-0.3634504644937254,0.043266113075122355,-0.08470836386225904,-0.018794586454787068,-0.002027689972353495,-0.010159883984241733,0.0,0.0,-0.001971169074537226,0.0017055929165294002,0.0,0.0,0.0,0.016681668182491227,-0.0014025864549074018,0.0021612816933484205,0.0010540710825579956,-0.0023866646876056453,-0.0020783117195856213,-0.002781941397940596,-0.0009206674515741036,0.0,0.0018751234815131662,0.0,0.0,0.0015479663828692229,0.018451393734909508,-0.002945701576544314,-0.0009749287331681831,0.001806776511261926,0.001122327524155742,0.0039030497120979926,-0.001098419806347904,0.0020860651965682823,0.004096892232370822,0.0,-0.001027804114519177,0.0,-0.0039535848282461,0.006191637346332559,0.0016241431793325492,0.006701529026031494
16,-0.0007379314403300694,0.015839611287308406,-0.010914343136365235,-0.014069408737285122,-0.1375368127847248,0.0015159774367802996,0.003491663028555236,-0.005984115162166356,-0.13128471752762189,0.005205102403549025,0.05790644270112231,0.017258742684076643,-0.15698973289059218,0.01881398053729788,0.013343069587321154,-0.01436926225168319,0.0,0.0,-0.0005642303306251142,0.0,-0.0009455858457052786,0.0,-0.0006654640738713829,-0.018071418285100463,0.0,0.0011651220420632244,0.0016916851067145435,0.001104014645051166,-0.00038253989630978447,-0.00016262034581664503,-0.0137941354768154,0.001741171178564582,0.001583960869484572,0.0,0.0,-0.0007416948891554041,0.0,-0.0019124356134721664,-0.0019017388849272526,0.002314205464504703,0.0,-0.03366198868448687,0.001020017058145731,0.0,0.005239591527183457,-0.0005892588396512594,-0.0007216923525033076,0.0024500986174261796,-0.01073752524271286,-0.0330842152301936,0.0018070897888307878,-0.0031660795211791992
17,-0.0005441951479058818,-0.002097198126327551,-0.0004436009007362061,0.01245228167611082,0.03315712907642156,0.0006525097997948895,0.0322847715924947,-0.013277729280035887,-0.045317445881553314,-0.0006284791817713516,0.18255290483969033,-0.018715249552527485,0.028018076396310834,-0.008430756360506496,-0.00343100471803078,0.034016696674183035,0.0,0.0,0.0,0.0,0.012726166195605964,0.0012354874815515586,0.0,-0.014904601501809068,-0.0005640142837995519,0.002031122490283823,0.0013888463737109405,0.0,0.0,0.0,0.002228223957760947,0.0002839690411671398,0.0006588817584581152,0.0,0.0,0.0005695690320348947,0.03033220396048008,-0.004139450287846309,-0.0007453322830668372,0.00188047443581401,0.0004997699456414142,0.0035712649393899024,0.00019463237706860236,0.0,0.006268374621121904,0.0,-0.0005341595749775346,0.0008988389408962014,0.019163687844324,0.008364329943121042,0.002113810018249773,-0.0034038126468658447
18,-0.0011772657329318056,-0.003866699363039941,-0.009831417474220379,-0.0006840319313608425,-0.07356931136334541,-0.003967768286847277,0.00667658201029179,0.003938227493634245,-0.08941194138292399,0.015115415708142437,-0.31192272010614563,0.027365224159697506,0.0036096340400129435,-0.01192590385991776,-0.004714695703613061,-0.013832492129113416,0.0,0.0,-0.00019002665855199607,-0.0007184775183648239,-0.001369461950975664,0.0007825049847061746,0.0004270422827579801,-0.01336890076847667,-0.00025908878862009266,0.001946674863526371,0.0019053929786617613,-0.003652856026670791,0.0007229407372439377,-0.0015156890681652946,0.0,0.0027418182914812146,0.0005263997341127222,0.0,0.0,-0.0005628175240861952,-0.0010607026893556454,-0.001650692686173991,-0.0007233528892998723,0.0021999143926540793,0.0012302232501340228,-0.026194951840636145,-0.0010662284957814903,0.0005019028284543827,0.004223536673438756,-0.00025819255102079244,-0.0005595411192986972,0.0014016943480276351,0.021831680446179082,0.007146613132164265,0.0009265949792681887,-0.0038636326789855957
19,-0.002379007209672827,-0.00460923136058947,-0.006700035537339298,-0.0090499271509132,-0.07022777209393716,0.001785221805333106,0.026742599061054896,0.0294389694253668,-0.11837801592223139,0.001937222052563774,-0.06893500290355903,-0.012801854735385499,-0.020017658547525276,0.01115829776839467,-0.006150075783354454,-0.01572101878232147,0.0,0.0,-0.0007970641867363172,-0.0003359503624271735,-0.0006773462868888123,0.0,0.000513895752415287,-0.0176730712471275,-0.000760272417262355,-0.052574876611020276,0.0023756537527304836,0.0,0.0,-0.0009911284777780493,0.0007542430377888799,0.0017271134876736163,0.0,0.0,0.0,-0.0002479574750536281,-0.0010079765693573248,-0.0035156930151894763,-0.0014312597214967437,0.003085788861302156,0.0010412530081913393,0.0026295434226454965,0.0003656564516001657,0.0,-0.031166130494627662,0.0,-0.0016044904222553154,0.0009418043080962674,-0.009016493305822751,-0.03340550545600191,0.0005704140619831532,-0.0031638741493225098
20,-0.0036132352686610645,0.0007985202825516837,0.0503489836502342,-0.0024209333106364303,-0.013537544595517557,-0.0001799886592094395,0.011367397000993628,-0.0035298062717114683,0.03514689535237505,0.015531300918289892,0.1975532373699827,-0.012784381704788796,-0.00124561873923951,-0.0016393724388413067,-0.004263019962480185,0.011005994626955761,0.0003952063588592736,0.0,0.0,-0.0007686921944849333,-0.0004694924596819206,-0.0006574398461704932,0.0,-0.008416423611032836,0.0006825205867575012,0.0012709112606514637,0.0015190438513285598,-0.0024241226176401646,0.0013284470240487976,0.00016596152103577315,-0.0003310040784786533,-0.0009380878867391799,0.0,0.0,0.0,0.0005246643294134982,-0.00029703637356066524,0.00019453289518086078,-0.002377171903650111,0.000898771160874894,0.0008797832644747924,0.004887584138124166,0.006494988392530854,0.0008703889094240498,0.0020939208308109586,-0.000896601692570645,-0.000811401963808446,0.0010794090684353218,0.029655873241938042,0.007559433139730657,0.00039057535376566107,-0.001988232135772705
21,-0.004114739993986493,-0.008996917053847983,0.022033563492468638,0.003589868591880019,0.1075401124260075,-0.0004511404071814288,-0.017206813403319383,-0.017264486815135992,0.1629433072442872,0.0018837590039843383,-0.0009846508451719926,-0.011633774860971637,0.034517573757059335,-0.0020510065144181866,-0.0004538075317307475,0.015052183426349154,-0.00046252326213906794,0.0005066758025579369,0.0,-0.0012956735066340674,-0.00011949874371422875,-0.0005673222550144217,0.0,0.017369589697954397,0.0,0.0017754119027992817,0.0024875401277354115,0.0,0.002116876559166015,-0.00035382924785853947,-0.0011562128477420651,-0.0007814788956310694,0.0,0.0,-0.00017087051296813167,-0.00026288859098181245,0.00020769507184484006,0.0005368895257652639,-0.0026953163348581322,0.000943129557400319,0.0006243124583366784,0.005151253096439134,-0.0012534663813485094,-0.031694725201189114,0.0025116471967606244,-0.0013662598730319045,-0.0006443983036939901,0.001516745373488211,-0.009476511012467033,0.009026800252591265,0.0003722724306579406,-0.0022686421871185303
22,-0.005504671506214867,0.00027362724310054065,-0.014762274693222712,0.0018535378409009291,0.11139894475124268,0.010261961630859387,-0.003416691314233149,-0.0038958164904657924,0.04306068616581242,0.0014080643296518044,0.0339420650281553,-0.017421960978461486,0.04087656328682017,0.0014691716764980527,-0.003032983416261178,-0.005431450409403605,-7.72454569524294e-05,2.4320895613163453e-05,0.0,-0.0011993298178248613,-0.0008636295908967574,-0.000401011592531795,0.0,0.019531622832003524,0.00016517298291083494,0.0019122446641328837,0.0027983920679378054,0.00015296638906880106,0.0013238779324651205,-0.00016614384598549793,-0.0003542575990899878,-0.0006114941409267125,0.0,0.0,-0.00017825947302322614,0.0001984507495397578,-0.0004184676290643384,0.00028704376931731976,-0.00334349207025782,-0.00408247410620475,0.00011222073696644572,0.005748541930441892,-0.0003538018446149845,0.0020365715470245732,0.0020064658620102317,-0.00190970294525168,0.0,0.0010577479751914427,-0.01086111794977585,0.009533072825555162,-0.0005299864607374329,-0.002422541379928589
23,-0.000963081719184008,-0.010517429600467493,-0.009020456790058909,0.0007380318179876975,0.11707955061477979,0.0,-0.001927407582961394,-0.011653030422861315,0.10529323094317342,0.006134387929312072,0.11640834089844745,-0.012095788833467121,0.030220151944008414,-0.0015846976899762109,0.0,-0.004054112280990929,-0.0013795459772418727,-0.0009291152020292949,0.0,-0.00101644710266957,-0.0003983687504688504,0.0,0.0,0.014211608123066509,0.0,0.0010870556259990588,0.0027007850876603293,-0.0004733337299024624,0.0011612675766545734,-0.00030737817222677545,-0.00030373476852807864,0.0,0.0,0.0,0.0,-0.000310478970453513,-0.0005818505306889421,-0.006425135293777462,-0.0027214009802388295,0.0009466952030658428,0.0003770918739444938,0.0037904168282803198,0.0,0.0013604000406056969,0.0023797188673043415,-0.0006360754640729675,0.0,0.0008012436653011062,-0.007193504813463478,0.006779683987497305,0.0,-0.0015570223331451416
24,-0.003962788873772866,-0.0013050983086995488,-0.00899711730975635,-0.010074681528739356,0.024238857094383885,0.008443893019016914,-0.0058711873049835245,0.0,0.02782777503949958,0.01214468045342404,0.19941282262953453,0.0031173034356031895,0.030619534002185547,0.0002809349629533124,-0.002856584931567969,-0.003852615974372241,0.0,0.0,0.0,0.0,-0.0012043026586180453,0.0,0.0,0.011682720644954929,0.0,0.0022229787584025296,0.001270792662219554,0.0,0.0008816401934833464,0.0,0.0,0.0,0.0,0.0,0.0,0.0,0.0,0.0,0.03537475128769661,0.0006333741419321629,0.0006218447368069238,0.0041877830620846695,-0.0010384402214445275,0.0006704295266186755,0.0005133690944973128,-0.0009752758702440052,0.0,0.0006052210525519393,0.027354040679834164,0.0077977351738719855,0.0009422931081127469,-0.0007158517837524414
25,0.003976990545348381,-0.013911232854832879,-0.02390046759954591,0.008348294526619521,0.10817603024578179,-0.0014301919256232587,-0.03581158541744185,-0.011178854969031279,-0.027409624870376077,-0.020662400559162956,-0.27733444429151605,-0.011948223391655506,0.028905012557528968,-0.004547127764122006,0.0014059214667416777,-0.00854017729002619,0.0,0.0,0.0,-0.0013812848093131167,-0.0008352293504063483,-0.000756614115749893,-0.010174410763393166,-0.012394518990804274,0.0008950256902782121,0.0017366314136708378,0.0025738920649181446,0.00020492782317145633,0.0018667365160529876,-0.0003260793958579464,-0.0014679817035206286,-0.0006469544474376459,0.0,0.0,0.0,0.0,-0.00040447630071277767,0.0007047071968852265,-0.003851475918677047,0.001919496638751822,0.0007737088627483183,0.005129211611355702,-0.0006830071638714509,-0.03795570341259107,0.0022643409498754076,-0.0019900677492004407,-0.0005741494495469637,0.0007369253841939769,-0.011690291165773742,0.008750693331575991,-0.0006563916324509093,0.00731387734413147
26,0.006856126484149303,-0.017838469413152463,-0.025034272107192102,0.009197150764186889,0.04735520518165393,-0.0013008780073756332,-0.02777047084285151,-0.00459831179278441,0.011269008638941452,-0.013598413084171729,-0.17830949302659616,-0.012969095876959933,-0.06555321202088243,-0.004495672676395549,0.0031826048747683453,-0.008921274611882527,0.0,0.0,0.0,-0.0008456949679676795,-0.00025894935057324043,-0.0003946499181803137,0.0,-0.013075454492420542,0.0,0.002295340975663867,0.0030052374306916364,-0.004779378797629647,0.0018330504194968276,0.0,-0.0011447011962675984,-0.00040947697072956144,0.0,0.0,0.0,0.0,-0.000303658953871256,0.0009860680971916654,-0.004229249775074693,0.0022391805347193234,0.0,0.005623188952098788,-0.0008518101652812748,0.0020985946607911883,-0.014007766548774916,-0.0018519190286969138,0.0,0.0005429169637757796,0.04120312031358166,0.009746776294267125,-0.0006204240746629651,-0.003068208694458008
27,-0.005970393407752874,-0.00045018242957180015,-0.012305376037641124,0.007955114547278012,-0.10695787847577855,-0.0019214344803651232,-0.007438446619845034,0.011318814996815071,-0.05198863648300841,-0.017511670312429027,-0.14349622148613012,-0.012253745276692212,-0.07543313798556782,-0.0023213082332331166,-0.002203021640592306,0.012792480121065666,0.0,0.0004536538655993091,0.0,-0.0008514599018442415,-0.0011811419386644855,-0.0005047811681819773,0.0,-0.010887761744300797,0.0,-0.04020353511575378,0.0017642767709873345,0.0008714852896343805,0.0013653736570921249,0.0007152682915245663,0.0006888273253849871,0.0002927185913153435,0.0,0.0,-0.00035727475099109714,-0.0005093247584051527,-0.0013528836507950151,0.0,-0.002912749601201439,-0.0012116536971223347,-0.0013989067914819842,0.005161947950060675,0.0005537795227283059,0.0016269025308423132,-0.006791306266665944,-0.0018002158124854005,0.0006191977684616156,0.002162893277818343,-0.009337340597745547,0.006531751147767489,0.001310214900883224,-0.002884894609451294
28,0.0032997062713298426,-0.01296294173613438,-0.017960658392593726,0.013108083259200046,0.08171764268871584,-0.0003700571854540157,-0.003079860010065398,-0.01628019532936916,0.12552699586832272,-0.000626361206120582,-0.06584122591959016,-0.014350262159200468,0.015118321253602272,-0.004432470049366053,0.0019438215197654912,-0.0078037353587266135,0.0,-0.00024133150536117707,0.0,-0.0008447945240430522,-0.000873304118344008,-0.0004986086773682996,0.0,-0.012270738322379422,-0.0002780778639267126,0.002151839724068207,0.003081174549270596,0.00042507659977737277,0.0016549216809980001,-0.0004218033337248681,-0.0011064071731616072,0.003929689573771726,0.0,0.0,0.0,-0.0004666533669220446,-0.0002081933698704537,0.00013122465044359912,-0.003998938436589297,0.0021509651503908668,0.0006560552290294795,0.006098027889662159,-0.00027156545431147834,0.002246258447352381,0.0018115735298106,-0.0018463247837025147,0.012131755894543766,0.0013296254494174569,-0.011970894138941885,0.01089362408675026,-0.00016271560760727454,0.007014796137809753
29,-0.002794564661556319,0.045674557583356146,-0.017666735542879487,-0.01554989528894983,-0.25534841441018613,0.013770511165205305,-0.0275547645273015,0.033506842770622804,-0.17173482069611395,0.0,-0.003209982337762498,0.0647813132729021,-0.08983260593183488,0.02317548298441872,0.010824664497144944,-0.007392679287180104,0.0010899828315193718,0.0008333247731049826,0.0,-0.0012905963621534467,-0.0019363815984894844,0.0,0.0,0.01833394112449918,0.0024765437794735555,0.0012996053302025622,0.0012629038057133093,0.0007528679251829929,-0.0005821217416995633,0.000346983045984486,-0.001767085303539003,0.0019917422830240117,0.0,0.0,0.0,0.0017991850176341808,0.0,0.0015439458492487858,-0.002728956629900036,0.0,-0.0016683141112534014,0.005659271103373524,-0.0006744985359223555,0.0027156395168252898,-0.001254278392076422,0.06521850429235554,-0.0024927523390884734,0.0025969926670822495,-0.012032198193603643,-0.04711549831604349,0.0005856098507294717,-0.003715038299560547
30,-0.0012807677081659297,-0.005477922737083389,-0.00793968041577702,-0.002813549307131525,0.13227509141339036,-0.007748352571108739,0.0061425565181448035,-0.0007596162093563288,0.24126632132827763,-0.02148067287236029,-0.08946957859452404,-0.008838529627252109,0.026166683310330972,0.001383859735579132,-0.002666772327818692,-0.005752305168424503,-0.00045843671132545996,0.000574460176799307,0.0,-0.00034324013682035065,-0.0019173586483628793,0.0,0.0,0.01781351392537193,0.0009444319025936609,0.00179796336587327,0.0021044924760295807,0.0021482269861739234,0.0003756866289380109,-0.0002857600330151549,-0.0030876549221208,0.0,0.0,0.0,0.0,-0.0008425479138591576,0.0,-0.001405845798061184,-0.0006428386122316455,-0.01065295936152887,0.0018350630612195807,0.006157346736739664,-0.0017631580316949558,0.0010819849053366366,0.0,-0.002666795712857274,0.0015211973210223135,0.0,-0.00716760634110303,0.015206927821713198,-0.007885344654481676,-0.007517635822296143
31,0.01756730578960178,-0.006576278233063254,-0.01716797956629172,-0.006580088517198917,0.1383285257053208,0.007984507162458665,-0.010518999765801996,-0.005720127011287266,0.24882517759805586,-0.07123251967895566,-0.3056820023896997,-0.008204140774422023,0.03293396308969151,-0.015382157158917909,-0.001649271194700685,-0.007740286252213965,-0.0017133489067333097,0.002361885042140934,0.0,0.0,-0.002446066617098085,0.0006325523188488753,-0.0003718609199474128,-0.010632892401454895,0.0,0.001106875806625774,0.004420301207701042,0.004314185527411401,0.0013596908107790942,0.010129996974363824,-0.004653269380665895,-0.0011822579780018945,0.0018392276692863376,-0.0007608813579587312,0.0,-0.0038784477897544924,0.0005666530166680673,-0.002607184582369335,-0.0028267156432826485,0.00445170869554743,0.0027118376614776655,0.00820053278733649,-0.0012067299420545333,-0.016083049442450238,-0.0022048735655988807,-0.001530464217157754,0.0006798659784021982,0.0006601060944289299,-0.01173216240023703,0.01622532335173381,0.006923211405276799,0.02634565904736519
32,0.0021054042625716337,-0.00684680929364091,-0.002552858017320066,-0.0047434799799107325,0.13302231048129542,0.009671200991032946,-0.01325023156592481,-0.007935920466540758,0.1584061717334199,-0.01674622474977675,-0.07292428989329248,-0.00950787255587581,0.027813079947377722,-0.010111766036920935,-0.0011764023704933131,0.019514634713536157,0.0,0.0,0.0,-0.0003152248561885299,-0.001416588197760373,0.0,0.0007847698820525894,0.018761233412989665,0.0,0.0014518045143937259,0.0009321776511618787,0.0021438227412732933,0.0005232463395321689,-0.0009345818866028658,-0.002898860902664348,-0.00030115563049837025,-0.00041023409837211546,0.0004688320822465395,0.0,-0.000799230049407765,0.0,-0.0014822735999295952,-0.0005690670356894073,0.002308287074063921,0.0019251947177919139,0.006614110883746615,0.017402369393288115,0.0006499095256958538,0.0,-0.0021291559599558715,0.0019544054911779987,0.0,0.02836862856335981,0.014765362404424172,0.00339335517859325,-0.007921189069747925
33,0.020362152316209768,-0.01266500303255479,-0.00949347676973683,-0.001520845068983084,0.02282097543913997,-0.03542122672226775,0.00704143960551239,0.0038539982644297576,0.016578016917193336,0.017474644387032917,0.09718867199116382,-0.003195708587021607,-0.01729319186182427,-0.014086258530931133,-0.0018555681637708367,-0.007552054731372608,0.0004184998014833236,-0.0002998719382508999,0.0,-0.0004033702036143788,-0.0022437808288477477,-0.0002616297174968167,0.0006105020373587156,0.01992643661268202,0.00048662705954237445,0.0016322323252848713,0.0022263172963339914,0.0024018733947745543,0.0008879224170468253,0.0,-0.0031504824729189133,0.00030312039206182694,-7.969496472234884e-05,-0.0005568703569141692,0.0,-0.0012519587736019421,-0.0008270477187075112,-0.0018552431450325735,-0.0007288840588385306,0.0031057849399959855,0.0019565254519723395,0.0069101322594073145,-0.002175711704777112,0.0012877957246941836,-0.0002720247314090044,0.03563966393969447,0.0013761736533040487,5.9369938408722175e-05,-0.008348677455847239,0.015686986179393177,0.00271300851078949,0.021443217992782593
34,0.016787267299354265,-0.007155504817138814,0.01751562464247304,-0.004651284124543403,0.025493732649514392,0.00639295420032252,0.009487194149993943,-0.0024995696251047905,-0.0033036118731505945,0.005262717418914574,0.05333741008712246,-0.003416905439470124,0.01713453536386484,-0.019241962520316545,-0.0009237778698706897,0.021367335855073475,0.0006927730505403319,0.0,0.0,0.0,-0.0023684836904222786,0.001876087727714476,0.0005706673132499002,-0.009588084379778162,0.0007250333351679404,0.002701542807428329,0.002413486973671171,0.0024337642532958064,0.0018289845888316478,-0.0013156747304405097,-0.0028077748085123997,0.0,-0.0006261580167025247,0.0002192724166920545,0.0,-0.0011856948837153266,-0.000897919136891064,0.02215106594368749,-0.00013092715883278295,0.003296612079166643,0.0012583526007702514,0.007467574665977486,-0.002403954615658957,0.0012180091965702969,-0.000752374117162903,-0.0018608980161723254,0.001978720339186303,0.00020899266793752286,-0.008027172132909568,0.01586682536744306,0.002529325051511567,0.022999301552772522
35,0.0032613363825729296,-0.005649439693987436,-0.010402658250448,-0.005898582428395451,0.07554615031549557,0.012052275005302985,-0.015785779619013493,-0.0013721104195174082,0.0032472165614750993,0.035521282376348606,0.11812347756481692,-0.007028676784248199,0.01876692764639149,-0.009626943796495079,-0.0014794168494004145,-0.007999777474764153,0.00021713597150467797,-5.488554565916643e-05,0.0,0.0,-0.0026232602037403537,0.0005425358034554072,0.0007878698511523133,-0.010231274244446769,0.0008612045721544354,0.002221931519561235,0.0024745493283892823,0.0028592815020188206,0.0006102762144475287,-0.0006172188630822953,-0.003040752982076704,-0.0012532281900462748,-7.896107800907939e-05,0.0004052067173529353,0.0,-0.0014215000694922932,-0.0005735625952909312,-0.002265718313494771,-0.0005560566087477515,0.001435229203130259,0.001804710704192243,-0.04659807390299383,-0.002202392996846973,0.0013653707902549453,-0.0009403015411870256,-0.002199576553036566,0.0023362439054386832,9.725632033541658e-05,0.03493476100137505,0.01789423205927972,0.003834350839253593,-0.009398326277732849
36,-0.009637807275969268,0.0021308713372415983,-0.017713887595691955,0.0,-0.0028971034196164434,0.0012768886674547327,0.02024278439440157,0.0013342197001511816,-0.10154609849396477,-0.021003636885547957,-0.11752712427785726,-0.011064741696461957,0.00034285422673167393,0.0016764581263791216,-0.002133910729750332,-0.009709525783746224,-0.00021366235414084026,0.0,0.0,-0.00039119844804777666,-0.0030589991598610655,0.0,0.0010442473594014419,-0.012378232556662483,0.0,0.002096271277645615,0.0029397397869166233,-0.021351563902185226,0.0005897537917986268,-0.0005103322437810893,-0.0033037947009497857,0.0,0.0,0.0003102745068599658,0.0,-0.0024189480056951945,-0.0005046114001405542,-0.0018464310324586592,-0.000415714324342441,0.0006912957373700938,0.0012803764870173435,0.007869202442605175,-0.002250668522570654,0.0005432414482114988,0.006207796021660026,-0.00240363751095345,0.002925034946973032,0.0005795394132185298,-0.011743041580619977,-0.0614221039759704,0.0034488969745029813,-0.012849360704421997
37,-0.02562099011996069,0.010517292955031583,-0.016367413515069755,0.001282363262646913,-0.09014026600453594,-0.00913806785576465,0.007227524618117075,0.012627473342171396,0.0025022319323535205,0.011576940881615913,0.028138523420868804,-0.012530768653216954,0.02122477713569095,0.030056292819927943,0.00035009529669354725,-0.010323018460509441,0.0,0.0,0.0,-0.0009148504526838654,-0.0029946476768018494,-0.0007729219580137413,0.0001099845365267414,0.027409837670552297,0.00035817205562458515,0.0024007834482567803,0.0030901483051028506,0.0030517819947064435,0.0009564525625307986,0.0,-0.004346342631764689,0.0002684005542499548,0.0003328005711799527,0.00039245861203565587,0.0,-0.0017193064018337528,-0.0006485464668492586,-0.0024408850491821283,0.0,0.0014530916832351318,-0.052445187613976776,0.008530900061551471,-0.002491380171813173,0.0011069789205975255,-0.0005199347895195243,-0.0030085202201126635,0.003040824633839065,0.0009880289742238873,-0.011942833207078219,0.020798435936413305,-0.012196741173886827,-0.013692207634449005
38,0.013679137792610223,-0.006371040925397615,-0.014051629505022598,-0.006805422218091269,0.11845531600170643,0.0012721837991157283,-0.01598216828407895,-0.0031008260696343353,0.03353184354346888,-0.07365931896242343,-0.36128804810938675,-0.005972747790014823,0.015302614151821757,-0.01180451797322495,-0.0021258066677390377,-0.008900733021443648,0.0,0.0,0.0,0.0,-0.0025375929179964657,0.0,0.0,-0.011174372426622963,0.0,0.002362155650239982,0.0024015340532229563,0.0024001192043197205,0.0,-0.0023020672368681944,0.028715902476728946,0.0,0.0009606879788284625,0.0,0.0,-0.002157348535963045,0.0,-0.0021761524032347093,-0.0012650468908615882,0.001353191173583175,0.0009904853248274075,0.006901145869508202,-0.002670918333281185,-0.014812317219086558,-0.0003523993873579018,-0.0028299514693062105,0.0013625265141742745,0.00042072521191736207,-0.010959157134999318,0.015708835768023923,-0.010339254510938672,-0.012166649103164673
39,-0.02972348818070559,0.001367884260694239,-0.0029137793255194842,0.008295229237834508,0.1652779443233903,0.000364467309916382,0.004122907558998043,-0.005399130062029066,0.08301556255719132,-0.011918392299392403,-0.061213523703557864,-0.012752274011488169,0.034525983646973284,0.012143023626866261,-0.0014920864662717527,0.02488800059541447,0.000487477529808052,0.0,0.0,-0.00035991315498629865,-0.0029698351959523196,-0.000658458269166971,0.00043039583463515084,-0.011550341588095177,0.00043323977641683656,0.002705360792714875,0.0025404918413549932,0.002544146462544677,-0.0428235001089727,-0.0001532531914103571,-0.0033449705967115383,0.0,0.0,-0.0001872856607945005,0.0,-0.0017198810743705366,-0.00034324844360695395,-0.002445489423044309,-0.00035051580975543005,0.001894792545203894,0.0019895903627679327,0.007821931128235305,0.02242142988700595,0.0007230432015393582,-0.0006680181712534419,-0.0024616382766076603,0.00255182535858392,0.0004781444470650297,-0.00988559424163385,-0.05470211860670432,0.0041274357919006775,-0.011392086744308472
40,-0.0009877805055642547,0.00105738464190359,-0.01140481597106719,0.003302675985070238,-0.012873636938120258,-0.01497710582267214,-0.01456286339446512,-0.010438980651027338,-0.07132649306412078,0.008053633784834795,0.0314508125650215,-0.004108737297274191,0.032340450625910684,0.011290390392404332,-0.0013787866354208055,-0.008495141030866885,0.0,0.0,-0.00018979630067031064,-0.0001582701509994344,-0.0024958746748764997,0.001766960393587705,-0.0002549673842586471,0.04727976448731429,0.0006227806116985225,0.001572198385397019,0.00045770767122623986,-0.001329924283994262,0.0011293390752208196,0.0008667236638781516,-0.004174119883603575,0.000496378424294447,0.00016828109325904572,0.0,-0.00035592848249144067,-0.0015953538648514048,0.001811637437052137,-0.0019859418646855213,-0.0004044405075749614,0.0010770765425166882,0.0001073407075583337,0.002544758041445949,-0.00280888578734972,0.0011067847856569444,-0.01519490758793081,-0.001269501622205931,0.0012069507789846657,-0.0018644549517636288,0.035263820536838256,0.01257158242178811,-0.00012227675927374058,-0.008917748928070068
41,0.002638989322502654,-0.0014021333880412808,0.018953374780609808,0.005771462538775407,0.002143650119070639,-0.029215649782164028,0.019744423050191504,0.0,-0.027424145098511935,0.01080695943671791,0.22109285320075145,-0.015457272766178363,0.014781973062035696,-0.005645129148904056,0.0,0.016744105626090963,0.0,0.0,0.0,0.0,0.0,0.0,0.0,-0.01937025216586862,0.0,0.0008106202284570671,0.0,0.0,0.0,0.0008251143429527515,0.01716978675221194,0.0,0.0,0.0005689089407315621,0.0,-0.001297458522561377,0.0004339951315419414,-0.0018753498676675835,0.0,0.0004323092709091749,0.0,0.0009083221620616437,0.020807500597686084,0.0012830690216443068,0.003750750802584036,-0.0013107866075050094,0.0004387937704187011,-0.0008479290221522565,0.019985335322901837,0.00742659367247863,0.0,-0.004429548978805542
42,0.00396116699898889,-0.005078142539987666,0.0012703955836535223,-0.010472649753767955,0.08128273412703184,-0.008958151162896283,0.013852748661017704,0.0005948275306640943,0.16445533921135527,0.002578526234640169,0.0184466427512934,-0.01670912214961125,0.018977230466464844,-0.009913845082768206,-0.002888788328860511,0.020798587023662937,0.0,0.0010473757498021723,-0.0010138503194033945,0.0,-0.0011312657711854519,0.0007477391238185407,0.0,0.03396392004879373,0.0005245503314301937,0.0010281504611584843,0.000619732311856325,-0.0009178013731379226,0.0011696231931012247,9.77628091943087e-05,-0.0026531107335832,0.0,0.0,0.0,0.0,-0.0009403241666098495,0.0012568208162881036,-0.0008088069875415754,-0.0005050387111091402,-0.003711130606295525,0.0,0.001651210134482285,-0.0012334824316532008,0.00033676345424435146,0.003767425621166246,-0.0010216293542801833,0.0014823035458969244,-0.0008791816561676877,-0.006935892795013457,0.00787589473445392,-0.0007304443115836571,0.010013997554779053
43,-0.0006673926647940523,-0.0015094541543857003,-0.013887030264855908,-0.0008241227209084767,0.04574423144404527,-0.0005669071676275696,-0.02785238648145746,-0.0027774223308804193,-0.043006157101662376,-0.003261268257127484,-0.09619049497980818,-0.01806429921302458,0.0038314647149818785,-0.0021542116309998262,-0.002180557137141246,-0.008740186963001726,0.0,0.0,-0.0008458236161046395,-0.00044821824744645716,-0.0029843187517205366,0.001985887304674308,0.00034290261972114524,-0.030478414379825507,0.0,0.001550965599315359,0.0004525532079055493,-0.0025228934440693893,0.001328139108349344,0.0010152970037910854,-0.003909661065475023,-0.015131510011207782,0.0,0.0006635600743909822,0.0,-0.0021050229489123027,0.0014140596747075993,-0.0017632959836070823,0.0,0.0015460043084842886,0.0,-0.029934853090947233,-0.0025468401018905566,0.001314013987346329,0.004641144031480082,-0.0016863268743145465,0.0002286547898934156,-0.002363427943736831,0.0362665215145819,0.011226367658287575,0.0014634260054606522,-0.009951606392860413
44,0.0035599723300792593,-0.0015348825807138102,0.015334509410412426,-0.01076424604947913,0.04638809769432938,-0.007482799081287939,0.018019384727848496,-0.0010120051810476019,0.035228619919922606,0.004313784599984265,0.007629664068087433,-0.013881015550082504,0.02867486788125116,-0.002746404238764589,-0.0015466304107682864,0.02722404970895298,-0.0003819574459077071,0.0,0.0,0.0,-0.0013226400469520678,0.0023737875085022017,0.0,0.045536880463803796,0.0010212255136526798,0.0015705548541930109,0.00015639445383055074,-0.0013553647647170394,0.0005152027047150863,0.000508967758179341,-0.0033503032468196465,-0.0003268253877319752,0.00038768336560827894,0.0004143824712859367,0.0,-0.0009014880829709062,0.0013900863738227553,-0.0011458872042671966,0.008394137518682395,0.001136941932478061,0.0,0.0019544687544800123,-0.002487289071617547,0.0009247242668819149,0.004890314177854517,-0.0011241798245724822,0.0007066394419924348,-0.0016674244420077163,-0.00960200494718646,0.010918124018005512,0.0013629468990547725,-0.006888076663017273
45,0.004030319578258636,-0.0003997204015975903,-0.013608488510309321,0.004573756770336036,-0.205101849647384,0.010933104288151243,0.0049689160059301326,-0.003068405291427431,-0.123389033452861,-0.02406621656328216,-0.14337259566937718,0.052346626951988974,-0.0922135357319374,-0.004118342748193889,0.002923564016744209,-0.005714209033002413,0.001441108428629788,0.0,-0.0006425855437787889,0.0,-0.002480292971256898,0.0012848236512568757,0.0,-0.021780657676714017,0.0,0.0,0.0010169167865787714,-0.0013114238116774355,-0.0015122785225848657,-0.0027025160790789438,0.018621425676543315,-0.0006890309869060981,0.0020611113297546134,-0.001085341264900826,0.0008817240642926129,-0.000858353233161005,0.0014171841705225188,0.0,0.0011878138559580516,0.003037271220024449,0.0,-0.020702811675812918,-0.001254117175716339,0.0015558847614553083,0.0025021802848905566,-0.000706605086084019,-0.000464213049535907,0.0,0.025224985222079284,0.0073019785161513055,0.0006015880291401474,-0.006363213062286377
46,-0.001506180005670601,0.005365751297885969,-0.011726323837555558,0.004830383592730806,-0.1634327923039334,0.014096543037947343,0.01667100258054822,0.0,-0.18535660087887826,-0.008861567545266232,-0.04542613947138891,0.025041719760346137,-0.058744222139137846,0.007403592612941074,0.010683793076534855,-0.0064604051425675695,-0.0020215326761618873,0.0003350561987449423,0.0,0.0007764566263550853,-0.001888641497166979,0.0013124956220713704,-0.0017534352128355725,-0.020355825693194912,-0.0002901663512112798,0.0018600905968369573,0.0013798108823947137,-0.0015255693052297944,0.0004201978274708093,0.0,-0.002542416582618202,-0.010734778276697422,-0.00046876702621848423,0.0011143510990730807,-0.0004242628174422176,-0.0005114590131154952,0.002507078469095923,-0.0014031277162119976,0.0,-0.00470342538306803,-0.0018675665020048064,0.002957884002817314,-0.003147932975032969,-0.0012290176198949093,0.0035255161445628446,-0.0015143748500905207,0.0003964954560267916,-0.0008575473624842238,-0.01078968597629135,-0.049726255075783106,0.0008009088072001181,-0.005774885416030884
47,-0.005406942976236711,-0.0003754537156028771,-0.012846913566324905,0.009773042391677113,-0.050216157165144666,0.01353776984097767,-0.02314745492235703,-0.005420691413588881,-0.008671905900912725,0.004688339390134967,-0.06401644910444791,0.011642784880317569,-0.022001856325094004,0.005539484098402592,-0.0007957781219296418,-0.009234865153223153,0.0,0.0,0.0,-0.0002969017671407912,-0.0032900601941743017,0.002235913453678474,0.0,-0.03134489628416146,0.0,0.0013725339824994924,0.0,-0.0013243933472167695,0.0018108728227464663,0.001151392189275354,0.03763183617213996,0.0009996648116596405,0.0,0.0,0.0007025056900612192,-0.0021959319360376696,0.0024834821276256813,-0.0020523500798251553,-0.0007738566340145539,0.0009922368654827606,0.0006526884909610723,0.0019520068644957493,0.03360757739826526,0.0,0.006103157406801621,-0.001690673042019566,0.0005363478985377844,-0.00196476918757287,-0.014307554889478354,-0.06967721414051557,0.0008480844858015617,-0.010276377201080322
48,0.0008938576848973712,0.003870911100486301,-0.009777108184478868,0.0050596028471889595,-0.16256518407037904,-0.011869547526359549,0.04250869659650521,-0.0078176262884647,-0.24710650585339414,-0.0030653514475086374,0.006378436828419856,0.08419053387365814,-0.1301676333803384,0.010225300590940229,0.012708441486754306,-0.00638108537175212,0.0,0.0010869455585777576,0.0010936352163934207,0.0,-0.003241223512772974,0.004087217971038509,0.0011604056767785373,0.03287809132095614,0.0008752848089125342,0.001623420927887733,0.0,-0.0020669886676081585,0.0021792586395653958,0.0016017548700287764,-0.004341859786483267,-0.0009579469272661223,-0.0011263713766664469,-0.001267035019363351,0.0,-0.0023031450024396547,0.0015905705823826422,-0.0014312521910923026,-0.0011024388035844393,-0.0049631090991538816,0.0,0.0020178194495002106,-0.0025334427742517347,0.0012676820667521383,0.0021984274540520704,-0.0021982557808848343,0.0019729399172212776,-0.0017015161862159432,0.032224811235743306,0.010845648253880654,0.0,-0.006701767444610596
49,-0.00512037521063137,0.008150643794357482,0.03295719574939473,0.0021255781594582608,0.02932703993906197,-0.021178457283446903,0.003433248218638059,-0.0006001011098068549,-0.07151676490736875,0.0062231952006741005,0.11156021125996399,-0.015679805325333605,0.011925789610720773,0.022521216826310548,0.0050356883228133125,0.02698346171961702,0.000493029891934149,0.0,-0.00041337419866442214,-0.00032871867924917387,-0.0013579271347488766,0.0015845783220004993,-0.00011763596137102548,0.04690424114277418,0.00021853631471798228,0.0005186010827724117,0.00048599342034251,-0.001050395477735672,0.0011382920584983218,0.0,-0.003987451470316525,-0.00036452869543752536,0.00011019683798821941,-0.00012367008340535344,0.00042526448232739364,-0.0019084602458334784,0.0015274471936970188,-0.001610478195285058,-0.000692916959786249,-0.003518494637335065,0.0002013234559832976,0.0019509808259132232,-0.002296056813644589,0.0011234680155467248,0.00586694125876034,-0.0006420040573179847,0.0007181426540589096,-0.001125566612264488,-0.009565275656725936,-0.053529691142071796,-0.0010092064195734364,-0.006169557571411133
50,-0.003217463058877904,-0.009608959629134594,-0.010301915379572308,-0.00518341575174076,0.04258540833959583,-0.0012615634055289074,0.02111947662217893,0.0008292919394410384,0.0038612018302857792,0.02860463645766684,0.12199870279606012,0.005636290972589596,0.002919667651650795,0.0,-0.003108510089118907,-0.007425775231927032,0.0,0.0,-0.0006065552877279381,0.0,-0.0017125827751585392,-0.0007273006999300161,-0.0006949169240779891,0.013897096982704119,0.0003206932636329521,0.0007908564562210829,0.00028228994428428495,0.0005721545448094116,0.0008400427030398297,0.0,0.0017793700824066318,0.002196515251230133,0.0,0.0,-0.0005120291933113719,0.0,-0.0008785927954366731,-0.003098049504657829,0.0,0.004400443967525386,0.0011370400931495937,0.00568116462061408,-0.004756977073062346,0.0014877050424533331,0.0012504325610535603,-0.0007674026888286811,0.0010059070584433772,-0.006871596608631449,-0.008742389928472028,0.008426449964992564,0.0,0.0018780678510665894
51,0.0007482058666189843,0.0033434422615475573,-0.006348294541631767,-0.0025274684778879104,0.10119249343014286,0.0020993289774075296,-0.008695198465612246,-0.004728434398696077,0.1694791322870442,0.014272145950295507,0.09032250691192434,-0.019958877110873748,0.030676371782052125,0.0011549160021667034,0.000657298280702031,-0.005309799367991139,0.0,0.0,-0.0007794967248151047,-0.00042655264426545356,0.0,-0.000746809394729398,0.0004199008462080045,-0.0050201477720114955,0.0,0.0010016358125204763,-0.0016694977285355245,0.0010153359174476415,0.0,0.0006221883255662511,0.0027331779170803295,0.0010329459132146623,0.0,0.0,-0.0007740777251372181,0.0,0.010269263887906322,-0.0021205028742144224,-0.000992083562803336,0.0014966814750218822,0.0,0.0050190949874674,-0.0045856911163894756,0.0020286351830187004,0.0013951663487176177,0.0,0.0010543764127488064,0.0008396725230314113,-0.004823288304886797,-0.02307691752434757,0.0,-0.000671684741973877
52,-0.0006584349261666907,-0.00889258778126901,-0.010303420605812097,-0.001328337678134085,0.16773988724084,-0.00578583533454834,0.031508009725014406,0.0011267944782668777,0.00949349063131521,-0.008717844329340953,0.008589125637597806,-0.015435571353053993,0.03732158427134702,-0.0011873664164595084,-0.002311309729487645,-0.0073524211455709195,-0.00022224559076455957,0.0,-0.0002746808516599486,0.00026207510649003664,-0.0009534456693337194,0.0,-0.0004579182304616276,0.013986686943171314,0.00022519660166990855,0.0010234546409160859,0.0002826653038721361,0.00077376140679786,0.0004899515566648688,0.00045075017991903207,0.0017655864303210934,0.0018168794208737406,0.0,0.0003329522481524856,0.0,0.0,-0.000438752892422374,-0.003591271635278834,-0.0005582100268938447,-0.0153992959942079,0.0002820965503066253,0.005695183696573318,-0.005584262605315595,0.0015530921589692829,0.0007308351671529736,-0.0011335755144264875,0.0017141203644030496,0.00028310190201278354,-0.008853396314767099,0.008612744260688792,-0.00028087191875891826,0.003051385283470154
53,0.0017745312937890495,-0.011209035901198497,0.021183914310563202,-0.0015999386106580605,0.12600484732681957,0.001046959447469266,0.02289348703548552,-0.0057259166407706485,0.06727622959867788,-0.03640576771457341,-0.2283766124113606,0.002416651062517265,0.023423008736503298,0.0012623259637837855,0.0,0.02387466533371328,0.0,0.0,0.0,-0.00032089329066349305,-0.001374146438334135,-0.0007916229060542866,-0.0005101520964047753,-0.009110808421976351,0.0,0.0015172238726965303,0.0009283940526794406,0.0,0.0005840056228746469,0.0,-0.023865385813891072,0.0014999559459329787,0.0,0.0,-0.001561934296667087,0.0,-0.0022481669650180162,-0.004114998154920635,-0.0022848527891276525,0.003446919821070277,0.0007101308985421922,0.006522172157597855,0.041216793260674,0.0035655668271541117,0.002075469700101461,-0.001224532551150062,0.002728102375792984,0.0004520441202895851,-0.008530748971642504,0.010861582382665151,0.0,0.010980315506458282
54,-0.002934464074055596,0.006213790372387539,-0.017852018009346222,0.0046200674445949115,-0.17437769667476413,0.0017031591114332703,0.03442982607481913,0.0006995725059976052,-0.0349897303434452,0.013898278192242871,0.03674370772744737,-0.026894792671273905,-0.0019773812616896013,-0.0008384715677627027,-0.0013272648574902662,-0.011442565934845024,0.0003395054220057785,0.0,0.0,0.0,0.04903612295554318,-0.0006625737935897945,-0.0007836045331834278,-0.009778447695513514,0.0,0.0012390298202021649,0.0002934241039868866,0.0009310441382341364,0.0003884688713075996,0.00073352410256515,0.0025906523587869673,0.0027387727493139026,0.0,0.0,0.0,0.0,-0.0009937912012724292,-0.0045193680555351765,-0.0008931617270122437,0.003757516627485376,0.0,0.0071476442409056234,-0.007478839880158198,0.003101686884352837,-0.004865381520355462,-0.0015953809365093815,0.0021134376771571083,0.0,-0.00943784633785646,-0.043093785948844825,-0.0005018474624796961,-0.003046855330467224
55,-0.0019062384144309665,0.002686697518640627,-0.015270060357487647,0.0068475507103419875,-0.11250389657565242,-0.0009226347682154505,0.061265609528039645,0.009822044853873673,-0.06501567592189796,-0.03311530210793586,-0.1730443500675203,0.027836607845886506,0.0178475771190292,-0.00041443082647406386,-0.0007177290884641586,-0.01021506667246783,-0.0003362723626413213,0.0,-0.000750054061673874,0.0004279764782105701,-0.0021258116214458275,0.0,0.0,-0.009366406504771446,0.0011062926703066913,0.0014308077381342686,0.0003702700843160221,0.0,0.0,0.0,0.0025616276791341937,0.0017124091690439674,0.0,0.00054712096848254,0.0,0.0,-0.0007264441581523397,-0.0034093097471665965,-0.0009137524670628874,0.0034988693238721218,0.0,-0.0680737968206205,-0.006133675739782815,0.0023341661141742707,0.0008168116879629575,-0.001328573073243895,0.0017844734321201725,0.0,-0.00868978574922921,0.009489206620516333,0.0008522016497526679,-0.0033493638038635254
56,0.0027894010068474084,0.011099845179134482,-0.004633242618389928,0.00680274181747307,0.14234844938742808,-0.015912295721430127,0.057596705424031246,0.008486326041407397,-0.14448585339868739,-0.0031319709430451055,0.02072654034202321,-0.020889414057647698,0.0014248954928245577,0.005178569482902258,0.0015644763694278386,0.018787045489545677,0.0,0.0,-0.0007151421180731437,0.0,-0.0013925417194453485,-0.00030482546497774863,0.0,0.01667713178943416,0.0004795538705580076,0.001202729290485943,0.00031745583718995664,0.0,0.0,0.0,0.0026283935753400444,0.0018080693258916618,0.0,0.0,0.0003795505509876638,0.0,-0.0008264319647473637,-0.003364040751729647,-0.0007705328502876829,-0.015389221956821655,0.0,0.006730180843884046,-0.005786421450719732,0.0016576701389266588,0.0012667184681050424,-0.000904692425856013,0.0016039472996915009,0.0005414695336341236,0.024501337137514994,0.009044397143209868,-0.000667184591293335,0.0
57,0.0024818144766323037,-0.01200852252979782,-0.00835818087317416,-0.0030641617575625463,0.09152513387072032,0.0009257290318580746,-0.059612206919362955,-0.005689116420983992,0.0,-0.03735807158045697,-0.2156068387482844,-0.019471498226825687,-0.004097008321222449,0.0030014365970497765,0.0,0.02398268498291425,0.0,0.0,-0.000636204290752251,0.0,-0.0019459311446612402,-0.0003945642412612327,0.0,-0.009477572709517209,0.0,0.001067628404250489,0.0,-0.02178157761189223,0.0,0.0,0.0030331170480912433,0.0019393035855940145,0.0,0.0,0.0009479314720607028,0.0,0.0,-0.004024003724253907,-0.0011391450144523742,0.0032470995684544786,0.0,0.005762929667903423,-0.006929590623769424,-0.048046717235927086,0.0009702666603345624,-0.0010297139167944227,0.00202818574535637,0.0,-0.009071074607155805,0.010390150242124105,0.0,0.011992037296295166
58,0.000581544109473776,0.0037862561142636255,-0.01686274082890702,-0.0016951283042708916,-0.16630281384135354,0.0014307255621611322,-0.06387670358133894,-0.0106552342840058,-0.003163201578318693,-0.03282747464306333,-0.1538761416943393,0.047069997441954954,-0.11180356492498145,-0.0010970952200792029,-0.0012471128116344568,-0.011150496944686932,0.0,0.0,0.0,-0.0014264632240592766,-0.0016844897128744654,0.0,-0.0007343550473013499,0.01689964181954024,0.0,0.0023698285580615428,0.0,0.0015525729788991905,0.0017546099593533913,-0.0008078181289153492,0.00308350055509986,0.002688810218269357,0.0,0.0,0.0,0.0,-0.0009000667571013788,-0.0042892862980747175,-0.0006619740297381759,0.001961216893695333,0.0011669167149670392,0.005554868036416478,0.03490108335859399,0.0016883570037042872,0.0007569614192127699,-0.0008996512191847343,0.0013170731337396326,0.0016399699054847827,-0.007768900925331857,0.009031447554674683,0.0,-0.0025389492511749268
59,-0.004690927924510208,0.020366109644377114,-0.014413864069194902,0.0075305490712008726,-0.13082106888876124,-0.0023811003120654773,0.014710304637114133,0.012233335025401927,-0.27264050269062223,-0.03763027603769701,-0.14055582707216815,0.002153863288583314,-0.03721823015899499,-0.0016428827117607404,0.004421808136924505,-0.007207287225184063,0.0009333635943992916,0.0,-0.002224311343531921,-0.0014224637650448444,-0.0014325893453284214,0.0,0.0005203226146856667,0.015787006696467026,0.0,-0.000652123436268457,-0.001483815802268826,0.0004985492774502643,-0.0010153817845771338,0.0,0.001740465409656868,0.0,0.0,0.0008252179067892886,0.00047550277614393324,0.0,-0.0002690120652181091,-0.002889062141220042,0.02443570325654304,0.003147466782801063,0.0009728322716205611,0.004625987163006054,-0.005646888225598201,0.0007590298740460622,0.001867146783457104,-0.00225909308600637,0.0028938469546835382,0.0006526686871072589,0.017383398938291845,0.007872714332577755,-0.0004338737223586794,-0.002758502960205078
60,-0.013443884463473917,-0.000711792495333491,-0.0042896953679511214,-0.0012950235358136783,0.042223532948377364,0.0,-0.0011173903791889866,-0.00427833735867995,0.21988090625730264,-0.003086400130600427,0.1626834519637798,-0.010935571768701075,0.02245987766872153,0.00465262087722982,-0.0034865357008370696,-0.003058850554087239,0.0,-0.0007039300220929177,0.0,0.0,0.0,0.0,0.0,-0.0061394729603632655,0.0,0.0,0.0,0.0014651822578295958,0.0,-0.0006016689958715006,0.0,0.0,0.0,0.0,0.0,0.0,0.0,-0.0010910345384875968,-0.0004173429912695831,0.0,0.0,0.0033493568849708878,0.0,-0.010179022500174334,0.00653574750688072,-0.0006169911946160599,0.0,0.0,-0.00591941189936229,-0.03130760441777813,-0.00028309967302814735,-0.0028682947158813477
61,-0.04768528986058981,0.04772118435349576,-0.009241179596553819,-0.004437539932624233,0.10403822562131566,0.0031496510276625084,-0.004285220380098893,0.003716621127279784,-0.23775618051713626,0.006469446966832677,-0.032028645102256864,-0.016505549283404815,0.022700983069796486,0.06763051024310685,0.020851577753597625,-0.008033290748254424,0.0004617494655604789,0.0008335962527187802,0.0,-0.0014320288004017639,-0.00036700215147027193,0.0,-0.00043554228532824315,-0.015348075459108606,-0.00010157465621953154,0.0008607958551061282,0.0007642767131080714,0.0027407590676952706,-0.0011106919552768637,-0.0006651441808954636,0.0017301503662782874,-0.02777448118309769,0.0,0.0,-0.0002943817192776117,0.0,-0.008173114598819189,-0.0034086062748816814,-0.001005771029374539,-0.002288592592135936,0.0,0.0039170364172500015,-0.002239505944354671,0.001165591653751686,0.011840723609371209,-0.0015900453418529145,-0.0005322611841140617,0.0022334926690674075,-0.013624457807784675,0.016260062356245636,0.007645936685448969,-0.006092473864555359
62,-0.002405426718097369,-0.006672900177460965,0.0,0.0,0.04223811161132528,-0.004363322266578313,0.002056989577853655,-0.003809994764511868,0.14279608362398533,-0.004447059923993768,0.1253922121208878,-0.006429098057543187,0.013234743068234744,-0.007617778220013278,-0.0029619394844975435,0.009346578128920114,0.0,0.0,0.0,0.0,0.0,0.0,0.0,0.014566473098040347,0.0,0.0,0.0,0.0014635666257124414,0.0,0.0,0.0010432030094261156,0.001668136743943871,0.0,0.0007472409985322204,0.0,0.0,0.0,-0.001063042219895388,0.0,0.0005827214730785049,0.0,0.0026246114983281676,0.0,0.0009405388993636639,0.007169064752693162,-0.0007697549399040696,0.0,0.0005450524006647717,-0.006648171979895468,0.00840749510178907,0.005036548336808776,-0.0023157596588134766
63,-0.032957754309280544,0.041208178617166136,-0.006500289089808215,-0.0004892936179801202,0.04796531914943458,0.005985107052101671,0.023471955876791694,0.007100455628455604,-0.18482787015668597,-0.007302543780745914,0.26355530161539503,-0.01845446090932622,0.01949339384994517,0.05058132138019705,0.015581643379057274,-0.004806000135241225,0.0,0.0,0.0,-0.0012054395647754007,-0.0011745027212532,0.0,-0.0012050207890772348,0.020330307496813617,0.0,-0.0006209558479720664,0.00115835731836455,0.002397844051135906,0.00162620264415074,0.001240685481086895,0.0,0.00222869479150122,0.0,0.0007365253964517646,0.0,0.0,-0.006995475381995359,-0.004145069631997655,0.0,-0.0017725876496559598,0.0,0.0021987500299278998,-0.0016716065747264923,0.0,0.009005384516341553,0.0,0.0,0.0006376250836572217,-0.010583464206668808,-0.050822583185756644,-0.0024925909656365337,-0.004211887717247009
64,-0.020189563995906486,0.0011929667603127001,-0.001230838698963222,-0.00014933101926778986,0.02504408234700803,-0.0001150085497117145,0.006835571135257161,-0.0056256193767928375,0.06947812271313913,-0.005970670357219374,0.21426129940787694,-0.010575713865476042,0.019160070728337864,0.006147463212276236,0.00046941203862758333,0.013504821761071564,0.0,0.0003629807593023244,0.0,-0.0006594078640655585,-0.00019411662892220423,-0.000410502588786944,-0.00033973311952129374,-0.012008465337096753,0.0,0.0,0.000542221301227132,0.0027991189859226362,0.00033369033066454537,-0.001084382387723011,0.0004792668318419505,-0.021248195836617446,0.000456816224874272,0.0005812262583373559,0.00018617288023826565,0.0,0.000895319252680531,-0.0025407004278783256,-0.000247780130218972,-0.0015519057295007672,0.0,0.004416383767891577,-0.0016266552791434957,0.0010961107431987852,-0.0400036793885514,-0.0011072808390858856,-0.0007742802848970845,0.001296774747251716,-0.010135888436053966,-0.052069560947892155,-0.0018306264932552879,-0.004166275262832642
65,0.0033125719705436574,-0.01143000322979775,-0.014598465739146029,0.005233881549604334,-0.019712166871271412,-0.00044169881371537587,0.010381486509028292,0.0035149225139237544,-0.08700444205756411,-0.0038133640910316376,-0.2454464043984565,-0.010813525141648657,-0.01801890586654004,-0.012524221522751863,-0.0040153620548443476,-0.01127200511813367,0.0,-0.0003295914992986425,0.0,-0.0008089564630809539,-0.0004942473865183329,-0.0005661785885582094,-0.0010302116761708438,-0.010008664644003792,-0.0002938011986420871,0.0006449014228630813,-0.01721314157938324,0.002840794689138567,0.0005450170635016462,-0.000965248148983987,0.0013774759740353606,0.0026203738219669316,0.0,0.0,0.0,0.0,0.0011515492493700185,-0.002549940392573495,-0.0011414582051925814,-0.0013630688072376182,0.0,0.003273922986927743,-0.0013438631295708274,0.0021597097063845013,-0.039104401849407146,-0.0009520260085282765,-0.0007795457747092032,0.001001161925713723,0.027199633064059557,0.011886516888194585,-0.00251164448410058,-0.005513876676559448
66,0.009438049113083028,0.005113023885590251,-0.011877490754236678,-0.010648694026007594,-0.14272842425120133,-0.0017932450597079397,-0.0244268557706649,0.004854080796274753,-0.26026317533426047,0.0,0.12128266565502199,0.0175138743388553,-0.055536190320354784,0.0037451439923695267,0.0,-0.009085746179984809,0.0,0.0,0.0,0.0,0.0,-0.001036310492568344,-0.0009905509827676908,-0.012965645670776469,0.0,0.0,0.0,-0.020792044819792986,0.0,0.0,0.0010094038785589258,0.0028519569055338746,0.0,-0.01736485434321373,0.0,0.0,0.0014287478494313334,-0.0025622248280290924,0.0,-0.0010236297494443751,0.0,0.004538503416547564,-0.0011749040859027628,0.0022071998384516336,0.00885537696989191,-0.001226879465519142,0.0,0.0008902926788879305,-0.010108100237040774,-0.05659747095757327,-0.003351467708271038,-0.005283087491989136
67,0.028585281229923775,-0.017356862727298614,-0.01473718505833466,0.00387696005395092,0.0917794157205722,-0.008874223168870696,-0.043978416406347254,-0.004436450423045677,-0.05788399266532918,-0.0024662417484618815,-0.29428110225015924,-0.01234843627528156,0.016338898166088082,-0.04525893579480281,-0.006143323821484906,-0.010893654430632721,-0.0003965337983030033,0.0,0.0,0.0275260697284023,0.0,0.0,-0.0008717407554640971,-0.012365508839647522,0.0,0.0,0.0,0.0038268287130703606,0.0,-0.0008393533705633906,0.000943896622228167,0.003979320133971051,0.0,0.0,0.0,0.0,0.0012761388750910623,-0.0040554482558465155,-0.0005281454421508167,-0.0009343371252956725,0.0,-0.03649673386421403,-0.0016159689526055014,0.0017504137685834707,0.010691526181686617,-0.0012253242849942913,-0.0006622268709147385,0.001955475735182704,-0.01141439031560348,0.013135831622952123,-0.003271567820592852,0.012846827507019043
68,0.008487341455145223,-0.012987248296496523,0.0,0.0012961169893936611,0.05088960103854388,0.0031492786712406227,-0.011641859587491317,-0.005095021429656099,0.13538351888053504,-0.0018761476983983336,0.13632868248630978,-0.007579807860636812,0.01400989173085414,-0.0207101030727516,-0.004333322641174779,0.010308733805471105,0.0,-0.0005262973080746707,0.0,-0.00039594516985358495,0.0,0.0,0.010185664257943865,-0.007911815109734356,0.0,0.0,0.000498326996991685,0.0020242315561942665,0.0,0.0,0.0008869394738152697,0.002076571949189372,0.0,0.0,0.0,0.0,0.0005829803539383246,-0.0013482498608930371,0.006587165972386761,-0.0009653737762216244,0.0,0.0034447006760898713,-0.0009083349449937282,0.0007059601297661867,0.008237077487749244,0.0,0.0,0.0007118605932799876,-0.00747306272443693,0.010483413562559486,-0.0019105194619970266,0.006428390741348267
69,-0.018968214173333046,0.03809014152865333,-0.00605710993897861,-0.0019204042240549642,-0.14367740324885384,0.0217764152769998,0.03539755723870938,0.005656293382401466,-0.2704093224218685,0.0032120456008369533,-0.01554846555471126,0.04677493671783312,-0.09735850515208315,0.056044973723973136,0.01974740276347871,-0.008667792765711464,-0.000717656263810997,-0.0013664163773378748,0.0,-0.0015643715119128872,-0.0011926113733279323,0.001515475530459077,-0.0018255476083854625,0.0178072462663603,0.0004058590400878276,0.0013757412275883052,0.0,0.0017210090015143985,0.0012073353446708048,-0.0003632188636589562,0.0,0.0034543402168779147,0.000958458070274411,0.0026095136460261184,0.0007155644857883334,0.0,-0.0011251087739670759,-0.0016539070714170813,0.0,0.006169633912735938,0.0,0.0035410975384889,-0.0010081303922510481,0.0021227640860619367,0.010197852130660772,-0.002027766481840582,-0.0006738456628952009,0.002157064178442705,-0.011116257993368728,-0.05358938060877386,-0.00206383517889968,-0.004914790391921997
70,-0.0007758271693920313,-0.0009037964941355079,0.043591246042620053,0.008471344401616862,0.026408166061204767,-0.002518211316319582,-0.00762928075534676,0.0,-0.0016837563644321446,0.016492305498789963,0.2218427303712455,-0.008417690176205148,0.010513738138219104,-0.002195230559454207,-0.0026472933749394985,0.010590755416037262,0.0,0.0,0.0,0.0,-0.0010362199825454475,-0.0002932497935366618,0.0,-0.003799193670441416,0.0,0.0013271050641897437,0.0017485830021996237,0.0,0.0016962809358894856,0.0,0.0016727210089327073,-0.0014146746575826445,0.0,0.0,0.0,0.0,-0.00032207617445807263,-0.0010154632366897525,-0.0006239613430285596,-0.0008415755714632895,0.0,0.005044584568651623,-0.0015213795481548251,-0.00042393094299241776,-0.023996028068973406,-0.00029669908631903334,0.0005591163209205463,0.0,-0.007065667903910226,-0.04019361246902926,-0.0028186390679781946,-0.0020705461502075195
71,0.007144203558496965,0.04875638101181176,-0.007269516589229248,-0.016803571741745325,-0.05215254493614532,0.0,0.021028716664197446,0.016496906390626894,-0.23579949544108175,0.009132556898470237,0.25840684466532066,0.034898557073496164,-0.09800608563019338,0.05652336280089199,0.027356700730918664,-0.004684696689651466,0.0,-0.001697156201197931,0.0,0.0,0.0,0.0,0.0,0.008914883525551125,0.0022955806885014006,0.0016282154824625752,0.0011937735284961995,0.0,0.0022730032143530726,-0.0009535484442768594,-0.0009765200620901398,-0.0030860611039883164,0.0,0.0,0.0,0.0,0.0,-0.0020363303248819484,0.023153740675781315,0.001154524210160213,0.0,0.004241687743969136,0.0,0.0,0.003174122619697067,0.0009365831345144981,0.001312377689463057,-0.0010049719945195046,-0.004913049916785066,-0.03650094083071857,-0.0036908388137817383,0.0
72,0.002442738712919726,-0.005773788470320405,-0.01394815393092029,0.01961508678676588,0.020335457170002572,0.003683442229025803,0.00916254402132661,-0.0014347493495185685,0.04231229433519976,-0.0029339109628159724,-0.07250195611886315,-0.009935951504424324,0.0068541764092529284,-0.012758767454749166,0.00024495194738173934,-0.006755185767385987,-0.00018599791368489698,7.561828640325014e-05,0.0,-0.0006053794461650196,-0.001148670484338148,-0.001117585603231897,0.0007018289346558371,0.009581181165174622,0.0,0.0019480703757788237,0.0019951589555290646,-0.00033984677108906433,0.002050182204783423,-0.00027611882322017535,-0.00034171121359511904,-0.0019391584802595334,0.0,0.0,9.38045995712001e-05,0.0,-0.0002424908062742378,-0.0012442321030599003,-0.0011395183049417138,-0.001273829548126186,0.00038520273067252576,0.00667482793750488,-0.002182604151376027,0.0,0.007698330484846108,-0.0003275774588213367,0.00023532181672617462,-0.012296798842933498,-0.010099779699380113,0.014273474914993336,-0.003742716207966953,0.011265674605965614
73,-0.0014230331706654696,-0.002083890296965436,-0.005642229424716123,-0.004178786430943101,0.016432371634594534,0.0040725399535640056,0.004886831815190799,-0.0035805737432847884,0.06209727506055005,0.00848486795206322,0.1891404544276224,-0.0066093180799141,0.02513437947402568,-0.006447247586991506,-0.001247404491683218,-0.002005925009224625,0.0,0.0004240856853980976,0.0,0.0,0.0,0.0071996028740770775,0.0,-0.0028208477456875664,0.0,0.0005458595160140356,0.0004464710765317752,-0.0007153518748486093,0.0011722239978069506,0.0,0.0,-0.0007394325920490854,-0.0005018916018816845,0.0,0.0,0.0,0.00047810664107272426,0.00976693251421942,0.0009925653747771893,-0.0012464336211698277,0.000967259221170662,0.0038161037939050744,0.0,0.0,0.003975231516681707,0.0,0.0,-0.0005706379674833842,0.017835242813922916,0.008109675171050034,-0.0020583948606628824,-0.0017398595809936523
74,-0.0022169310227419894,-0.0015873670186434563,0.00427061250881397,0.012606319803959877,-0.017465429782793248,-0.013698843950953221,-0.018752946528693446,-0.003545990656670053,-0.17885339094552027,0.006024243188295275,0.08880477586414302,-0.01808203499246456,-0.09173985656739903,-0.005005271206448305,-0.0034722365092219264,0.012824438495725213,-0.0006554278563563309,0.0,0.0,-0.000928163510769249,-0.0011062113322845722,-0.0010263923422844973,0.00047541075226786687,-0.005892203547626899,0.0,0.0018435332262530207,0.0017185851126367046,0.0009965284376290196,0.0016040610999252108,0.0,-0.0005003743759674874,-0.0016361537014690053,0.0,0.0,0.0,0.0,0.0,-0.0011477857726589372,-0.0009966756997647525,-0.0014397441221049492,0.0,0.0060759611034761855,-0.00221196765260467,0.0003878967912673532,0.007155563200001831,0.027398061415590376,0.0,0.0004927945488828482,-0.010603524976339934,0.013535558875114817,0.007607036962450206,-0.003406032919883728
75,0.0027909053508172956,-0.007404354691878886,-0.017962736213192332,0.0004681623241314571,-0.05655867855645517,0.012755338215957455,-0.013009284430940756,-0.0019809475997420146,-0.13179061426288324,0.004933178239670415,0.06689014299459325,-0.0035654140718659293,0.03608331070868909,-0.019881564006437175,-0.0010131921318001166,-0.006794692753719592,0.0,0.000210853306200603,0.0,-0.000429227089607486,-0.0011924645852832397,-0.001171487869956922,0.0004639757013384756,0.009270519592242753,-0.00016559127848123913,0.0016951676443399124,0.0018648542895384815,0.0,0.0019512249986080056,-0.000196099028011413,-0.0006468271682730732,-0.002250691615636193,0.0002793951519325024,0.0,-0.00020685865351237925,0.0,0.0,0.016710598750173996,-0.0012144677734638079,-0.0012506097468190337,0.000538524452057427,0.0064494490556956914,-0.002169764093554153,0.00013992049242817097,0.007244998475836976,-0.0007002938677279243,0.00021304493208327177,0.0006257309757047376,-0.010368124575011226,0.01411262971178647,-0.003790376876036669,0.011151254177093506
76,0.006102877643740706,-0.006632193885167186,-0.02002430375889747,0.019970102387640874,0.10477323187716725,-0.00753352840085314,-0.013216949503477564,-0.00103234902194172,0.08214453457894541,-0.02043414432551548,-0.2683292768942964,-0.008857239195905506,0.03271729078912996,-0.00837830795421923,0.0015577168667731572,-0.007036543787223749,0.0,-0.0004434015757514195,0.0,-0.0011490371864358868,-0.00021308776886935456,-0.0006219971857256623,0.00047217143921830497,-0.005957138877918168,0.0004363696382461521,0.0011727560326948321,0.0015607358523819742,0.0,-0.05815224126192287,-0.0005047424664729894,-0.000777338527714496,-0.001866255959948566,-0.0003119548033581353,0.0,0.0004158584427998679,0.0,0.0,0.0,-0.0008182899017357003,-0.0012501112080168897,-0.0002713412096504796,-0.0454031346696327,-0.0023144341036819742,-0.00018556723162827755,0.006909224516625151,-0.0010105084368406856,-0.0002965546317795718,-0.00043176475086989936,0.034660977231367,0.013750080831566355,-0.0034272213514337934,-0.003875523805618286
77,-0.001917550958044528,0.0009069887027452309,-0.018336149208391155,-0.006526250413963304,-0.1274128588086384,-0.007204341725527003,-0.01393424411061894,-0.003700748529039897,0.012119359374932547,-0.012433313259480674,-0.14345023061772416,-0.009054698456272376,-0.12543345921137894,-0.0019998867907083467,-0.0021033829874042126,-0.0038284333568878413,-0.0014617851639277938,0.0013196108593668853,0.0,-0.0013145016612042613,0.000721470480769187,-0.00042685597541240814,0.0005433584901470966,-0.004557659489439695,0.0010634256796681165,0.000981597525936414,0.0,-0.000964451341464617,-0.04331953668920215,-0.0011869008579119664,-0.0011868309525058449,-0.002339569197512577,-0.00042802011924681044,0.0,-0.0005514625899711209,0.0,0.0005494162373237202,-0.0007395924089466765,-0.0010781286551508021,-0.0003847773025007766,-0.0013706504068361945,-0.03743131091460477,0.00031547542694464084,-0.0010266062102613385,0.0051806939516154124,-0.0009211063634220443,0.0013680236774669895,-0.0007351447229342836,0.02262828243103764,0.010162212481819881,-0.00117128659905239,-0.003419935703277588
78,-0.0013802377012840342,0.019266008442711653,-0.017604822546809548,-0.013915712311527524,-0.1913657102017503,0.00511916993562451,0.0022513092904358845,0.011808451165582011,-0.09141476804433506,0.0,-0.025539913211828615,-0.00202059080426231,-0.07982976917901291,0.031608669924063394,0.0068742332491911464,-0.00506464200704316,-0.0004692576389157575,-0.00036926250028538037,0.0,-0.000944289359040004,0.0,-0.000785130312116817,0.0006618458721536299,0.008816074487408287,0.0,0.0025664067527706347,0.002227614695413362,0.0,0.0012150946510652563,0.0006478005585377503,0.0,-0.001056233634030579,0.0,0.0,0.0,0.0,0.0004990392761209888,-0.0010303623087906176,-0.0007749193203628663,0.0,0.0,-0.038639460950300214,-0.0018348641018091324,-0.0007857404525188853,0.004870323614968109,0.0,0.0,0.0,-0.00870828215471504,-0.047287164457689206,-0.004072572684332734,-0.0036468803882598877
79,0.0038624710913324413,-0.00572007651142997,-0.019836837411397894,0.017260475777891443,0.03650529647673889,-0.0006689936496362428,0.01629003097797361,-0.0016972987233973412,-0.015208903029340236,-0.02474326408235632,-0.29180389127088757,-0.008495777403993635,0.031875888502848684,-0.013784464921332834,-0.0005204595215082181,-0.006864839626489964,0.0,0.0,0.0,-0.0006659146105781385,-0.0010932601362528731,-0.0010511601430153801,0.0007757365763936007,0.009041086146356478,0.0,0.0017621398931740987,0.0017037049334377092,0.0,0.001787277829763439,-0.0003467232878616319,0.0,-0.0020571586506990193,0.0,0.0,0.0,0.0,0.0,-0.0010825532184479735,-0.0013426716624995285,0.0045218115332124826,0.0,0.006152233182300413,-0.0021074308505413955,0.0,0.006956186672471275,-0.00037502837054099374,0.0,0.0,-0.009718503292573214,0.012312980654366125,0.006915940517871564,-0.0035462379455566406
80,0.009154866126995178,-0.019005576373615392,0.0015545695847484602,0.004059670901265488,0.053786678532712316,0.009087926092420158,-0.005756510676748805,0.011345381067305092,0.0875703444087262,0.006594790504307404,0.10351838002384248,0.0,0.025814283414295015,-0.014173713038823667,-0.007361835183479533,0.02537694183498919,0.0,0.0,0.0,0.0,0.0,0.0,0.0004171005346928828,-0.009443862910808589,0.0,0.000758840167109143,0.0004658808733862146,0.0008142900203791039,0.002624692509730478,0.0012512461106516202,-0.0010275345666178762,0.0010065669620205374,0.0002633380500923876,0.0005688367789336481,0.0008033852171205632,-0.0008991745850842771,-0.0007619810105676926,0.0,0.0,0.0,0.00025606028803504667,0.0033149835381976423,0.0007045789858492082,-0.001637690776213814,0.0052407337253312924,0.0,0.0030469079818688455,0.0,0.011668650260049816,0.0027828557084268713,0.004584133375253036,-0.0047310590744018555
81,0.006538397380369131,-0.019961028488772563,-0.0022758105004361843,0.008516182494191797,0.03662910960170712,0.025168191548319657,0.00834655934407008,-0.009251307444877205,-0.057731220936135634,0.005068061433077222,0.2104580494069896,0.00428375279222927,0.03223766938428835,-0.018914144864856066,-0.005657326083016584,-0.009507272398053584,-0.00035609094541449256,0.0,0.0,0.0,-0.0014189476687471588,-6.818664314973554e-05,0.0003890037146833435,-0.011219245353125112,-0.0002809972302000719,0.001454450614396568,0.00043954477848912033,0.0014946076390154742,0.003792037894292562,-0.00935945723157147,-0.0019462921050338018,-0.0006312049750340985,0.00024248217586102054,0.00013021705889355528,0.001023069591616173,-0.0011376986562971639,-0.0009861545284666432,0.00804041403827171,-0.0003996911261318614,0.00039253313380047355,0.0009261570644556483,0.003798596094857748,0.0026843658249621517,-0.0017771393299411938,0.007474681362084397,-0.00032442832455434713,-0.00043937244511610494,0.00044335036612238254,-0.00387134508971912,0.004652288865857787,0.006378882609366421,0.019472211599349976
82,-0.0249370577214344,0.009809902007262597,0.0035053252820420526,0.003519307420169648,0.05254341993983521,0.008255922647827717,0.0036503520114006816,0.009007527292316147,0.13760720551895814,0.002069305314625405,0.1291581535704561,-0.004303002412760157,0.029791997286325263,0.030840281153805573,0.0023116410213265552,0.018569189414427728,0.0,0.0,0.0,0.0,0.0,0.0,0.0,0.011747951522686055,0.0,0.0,0.0,0.0006552501196586079,0.0016114342002249227,0.0,0.0,0.0,0.0,0.0006902868661499832,-0.008930963386456875,0.0,0.0,0.0,0.0,0.0,0.0,0.002338376526836531,0.0009488905491382377,0.0,0.004725724248357224,0.0,0.0,0.0,-0.0025131843952820652,-0.009826621865618453,0.003611765825160244,-0.0036014914512634277
83,-0.020093499012528375,0.06934250250622655,0.0,-0.024302195325211235,-0.014494091010159658,0.08300283862857516,0.013220840404045399,-0.01728523658355933,-0.14212890907573802,-0.003130385444370307,0.1854430527737185,0.039300837645472333,-0.023822442527251124,0.0865301823994165,0.031858049001326896,-0.007900680490149246,0.0,0.0,0.0,0.0,-0.0007572120488192113,0.0006173606971956753,0.0020470979708434537,0.019851379464421778,0.0,0.0015960409821080385,0.0,0.0006644656294532577,0.003654445983530195,0.0,-0.0020903674419465983,-0.0016401327221442843,0.0,0.0,0.001165758940936855,0.0,0.0,-0.001167270542705199,-0.0011728531734428607,0.005914043610761586,-0.0016791029545237754,0.003976236047047988,0.0011310028357517715,0.0,0.006279351179120925,0.0009087623048178299,0.0,0.0010676873304631084,-0.00418207911059906,-0.01672428620046167,0.007246806150389596,-0.007182449102401733
84,-0.030265350724407277,0.02957263245494569,0.0,-0.02493615657574907,0.018922784970328427,0.0278286953246269,0.0,-0.025433018152115964,-0.05275772907220732,0.0030607507090357924,0.3294605539430652,-0.005728436911656065,0.029906509451842984,0.04147949807879588,0.004104516097940294,-0.006400151551147119,0.0,0.0,0.0,0.0,0.0,0.0,0.0,0.014700821994182432,0.0,0.0018042532361918163,0.0,0.0,0.0016486767848132543,0.0,-0.0010553409804599809,0.0,0.0,0.0,0.0,0.0,0.0,-0.001204273560712651,0.0,0.0,0.0012985135531191733,0.002619998597795705,0.0,0.0,0.005398461767678725,0.0,0.0040666454092498335,0.0,-0.0031602590190084085,-0.011068753803341203,0.004771390586024589,-0.0041890740394592285
85,0.008529658591471595,-0.0020527263026836285,-0.0012183922739069386,-0.005488584290847722,0.03615479138294845,0.027438303720953457,-0.036753461667093784,-0.005183577848043141,-0.0046304267617399445,0.005247003074630529,0.2040153910823805,-0.011037103673242989,0.022966262946255048,-0.007626225907644748,-0.002826532962597173,-0.0068980654429761585,0.0,0.0,0.0,0.0,-0.0008546519399421124,0.0,0.0,0.019589907173900058,0.0,0.0,0.0,0.0,0.0024226353240083564,0.001644079945423554,-0.0018460565863976544,0.0,0.0,0.0,0.0,0.0,0.0,-0.000948624164097349,0.0,0.0,0.0,0.0034169163521463133,0.0,-0.0013243637630859814,0.005137862730852637,0.0,-0.001470563238402772,0.0,0.011999381774399343,0.003786035601041697,0.005979490863261829,-0.004502326250076294
86,0.012219177156819977,-0.01895002295246696,0.0,0.013618546705593551,0.013411041559983617,0.016788203336546043,0.002279671698146811,-0.00342855969484797,0.011016023302508548,0.006287141976420184,0.20430381989690857,0.009270587348732736,0.02671356778569754,-0.01522190402966194,-0.008030485474419393,-0.006590449006285904,0.0,0.0,0.0,0.0,-0.0007844724559777486,0.01223388417003943,0.0,-0.010326160966376261,0.0,0.0,0.0,0.0008969767710512673,0.002729676232510466,0.0005846717356643951,0.0,0.0,0.0,0.0,0.0012222242773008074,0.0,-0.0009933530352884406,-0.0008961288433426644,0.006069990983747494,0.0005565523897261001,0.00022280459782083326,0.0029469200948055788,0.0012969023058426686,-0.001671425438914991,0.006564976743125747,0.0,0.0,0.0,-0.003589604055375715,0.0041037576917642375,0.004436799755247938,0.015405029058456421
87,-0.012761237806755614,0.008935812898366518,-0.007076447754638508,0.0,-0.04340183839994589,-0.009863974688313475,-0.009379163862795074,-0.01061366389737911,-0.07001161731943274,-0.003045366939381776,-0.15857113286574742,-0.006993384797075756,-0.023128928003898538,0.00566531906785879,-0.0013035222352216988,-0.014515995719896783,0.0,0.0,0.0,0.0,-0.0020015648886171585,0.0,0.0,-0.012299451550395935,0.0,0.0016619740340736804,0.000783595953216254,0.001134499406281833,0.0037633139195522784,0.001150459963581123,0.014900605985319858,0.0,0.0,0.0,0.0005432556938567973,-0.0013631099710671186,-0.0013576663499492183,0.0,-0.0007228183994377609,-0.000710915507369755,0.0,0.0037111762680678197,0.002860813855624943,-0.0023347519752668104,0.007414437342454828,0.0,0.010658896428415374,0.0,-0.004753995918888423,0.0054540304547240955,-0.012191755517129981,-0.008929252624511719
88,-0.01132394607260838,-0.007424126279608149,-0.00494612948034315,-0.021970577624865505,-0.0240557510918691,0.0215355711272337,-0.0054017572611131165,-0.010371768987518277,-0.0660127177567242,0.00039487250116666106,-0.041904124982624684,-0.004241641830585597,-0.11364181637607904,-0.005681638461095371,-0.0024078930526432304,0.03913521002624076,-0.0007841151713866192,0.0,0.0,0.0,-0.001822752852346226,-0.0009539742157827887,0.0006674723374813864,-0.007819598749881846,-7.321250771769684e-05,-0.0515292822861608,0.0011606914428090962,-0.00039706671798717135,0.003521505815741612,0.0007059188813355622,-0.0018358850507472397,-0.0003503785325107618,0.0006535748999439252,-0.0003603098373225923,-0.0006971166143145755,-0.0007782167167489926,-0.0010927804014557673,-0.00015065765990788114,-0.0006012317232560749,-0.0007642401638945351,0.0004916403934179365,-0.021674951832538005,0.00209333628547372,-0.0015991574131250655,0.005134709916233971,-0.0008543399302922358,-0.0009144542949048095,0.00029937423506048815,-0.003747669600845347,0.005192682553848196,-0.006073323045911158,-0.007275432348251343
89,0.0028515748919286255,-0.018248199807986358,0.003283666486507666,0.0083641245368159,0.051517142911044166,0.028687335239699508,0.0070345033865627914,0.002915904550322002,0.0051424392628152335,0.005691308128258243,0.0513909849729993,0.00877621679404678,0.031284559774380404,-0.007913066095896227,-0.0060503833189593,0.035153284189598406,0.0,0.0,0.0,0.0,0.0,0.0,0.0,-0.011485531686133884,-0.0005674927102113833,0.0015342695217830861,0.0008378888971576375,0.0013215936598993435,0.0036766456209707376,0.0,0.011194435581867968,0.0,-0.0005560221063254359,-0.001118647966030931,0.0,-0.0008734254849760649,0.0,0.0,-0.0011820253598096044,0.00028634972419304053,-0.0009733142764721103,0.0020163360458522457,0.001365136070037897,-0.0026449714795046147,0.006300421443858967,-0.0007801005813920698,0.004389852635913413,0.00039610834470675863,-0.0019907849022954864,0.004239828822475381,-0.00846747535050166,-0.005420520901679993
90,-0.0055162007001889595,-0.015060100806833123,0.017926033221362426,0.008848436802997132,0.06703151795566348,0.007739799459099969,-0.0024665854966346226,0.02187642945647182,0.17617737689649732,0.0016909108096308835,0.0892603585929738,-0.014825349084775214,0.037071941588047316,-0.006282380067759957,0.012218063635415324,0.006196911991272955,0.00045965637524170285,-0.0019384081804638368,0.0,0.0,-0.0003065794630330745,0.001351352724388548,0.0,-0.011633467059904189,0.0006450630866645335,0.0,0.0030937850262981927,0.007563786400296694,0.0013726395961661897,0.0010734264313319735,-0.0014867571615824575,0.0017267587389148934,0.0,-0.0006894244841920488,0.0,-0.0020818125273373445,-0.0014064946619675,-0.0016604709043282007,0.0010910682054548332,0.00055297863385106,0.002242118155202397,0.0037226214709253024,0.002472020573923533,-0.0003646561590025971,0.005892572124969693,-0.0021316750569608522,0.0013538104849576279,0.0,-0.002541308709261404,-0.023821875088107586,-0.0038509262467607604,-0.0016976594924926758
91,0.00884484027320748,-0.021582069694876284,-0.0026252460790289786,-0.011155141307109224,0.0761659632236662,0.002390350201682744,-0.004590139160010937,0.01704469889190358,0.24729730467104546,0.002648672836141031,0.09198638475952806,-0.014611213665707577,0.03253251237006581,-0.017114515329400413,0.01407671303174555,-0.0031318057552107348,0.0,0.0,-0.0007761896590966635,0.0,-0.0011260831296125288,0.0,-0.001058061135255946,-0.00939568854611922,0.0,0.0,0.0,-0.0007018993191197604,0.002106774606717371,0.000662368232586652,0.0,-0.01214020245838191,0.0,0.0,0.0,0.0,0.0,-0.0016049430914171173,0.0,0.0007373040689855,0.0,0.0035828309583223346,-0.0005779630099455482,-0.001162173235467352,-0.017734698638673933,-0.0015920512909639957,0.0011321653848314279,0.0,-0.0039020810621113204,0.007822238448629518,0.0,0.007337093353271484
92,-0.016409826203378258,0.04831125919744912,-0.005605007570219904,0.019184487095275822,0.06677905742497474,0.019201194390480316,-0.007924933407372907,-0.05053431790208141,-0.1700926798852194,0.002462223395854064,0.1120675293747948,-0.004551069469372152,0.041490812039315206,0.07924192342208751,-0.020292958112925127,-0.002769232320001109,0.0,0.0,-0.0006880866778495933,0.0,0.0,0.0,-0.0010154336157214032,0.03393160573575744,-0.0006116265034041378,0.0,0.002094318495029759,-0.0006361948410077196,0.0037707307252107802,0.0007603094631669218,0.0006395305834184668,0.0027865735728316056,0.0,0.002082606675441883,0.0,-0.0012463647780017598,-0.0002299474139742041,-0.0037781924785957144,-0.00045466116198726375,0.0016739794572406142,0.0006716680428265451,0.004487933897236947,0.0008785310868104759,-0.0008566925819026653,0.007198807856018998,-0.004342055741486422,0.003541580047316734,0.0,0.020285096729571246,0.012281878683274431,-0.0015256527346690872,-0.002371951937675476
93,0.006322715420716773,-0.019855747790568267,-0.016186088191516724,-0.012527572868341783,0.0557990512008902,0.004883187288807623,-0.00846267413292621,0.012212248371635818,0.06627383000294086,-0.004747199515531093,-0.22749195647308096,0.0043932500681731265,0.037829975497891806,-0.01806221700553114,0.01979585154009461,-0.005415946794080735,0.0,0.0005767757404745363,-0.0006191234156969321,0.0,-0.0012083506829190375,0.000981911407168709,-0.0012225346541201636,-0.02148582643518654,-0.00040926453283669176,0.0,0.002353644800302023,-0.002324629386629242,0.0027738872191288883,0.0008619333844096612,0.010642554805484716,0.004449080775251951,0.0,-0.00021871626137454002,0.0,-0.000291983021851826,-0.00040321866947508296,-0.002878179466281323,-0.0010798665619950875,0.0018097373014797557,0.0012322068305650735,0.006119919202941024,0.0,0.0,-0.035006111808427186,-0.003978959015811456,0.0031916041613036152,0.0,-0.006446304452949085,0.01322207720907428,0.010913105509613339,-0.0032391920685768127
94,0.0010916820207316957,-0.01708145021514927,0.005566785907308845,-0.01268491917324218,0.0686739598117171,0.0,-0.005746846870578492,-0.002648031546731438,-0.0733889434900529,-0.00664894333895804,-0.20002165441940958,-0.01745222772911191,0.03344009895344273,-0.01385127722424979,0.005524388645128689,-0.0010577161319287058,-0.0007879230908863786,0.0,-0.00033690292041895355,0.0,-0.0006872759611007811,0.0006670313275049982,0.0,-0.023128517737365604,-0.0002585066775236937,0.0,-0.03828054553973922,-0.0009780893913660525,0.002796025499267665,0.0007947623476552808,-0.00028358921143313397,0.0027712094385368524,0.0,0.000715460233292854,0.0,-0.0011812522305689496,-0.0006784200473602998,-0.0028870893445176195,0.0,0.0008584505585449279,0.0007935990178635192,-0.05008683682283433,0.0010166193897062977,-0.0002423645825373347,0.007148320258854313,-0.0038103538003308457,0.0022466422382553543,0.0,0.024300287906535968,0.012513712989216753,-0.0021040260918601074,-0.006406545639038086
95,-0.005280172731597746,-0.004811502828116151,0.025842977958051763,-0.00842703237544789,0.08590794421984119,0.006235724153994203,0.013019991266934452,-0.010458893311836049,-0.09626276749480302,0.0028541447507169867,-0.06086817678819477,-0.018072556282300048,0.03801686707473222,0.014848748842881676,-0.0009836061470333665,0.00022634140668845138,0.0,0.0,-0.0004310993148882062,0.0,-0.0007871914786909222,0.0,-0.0004990801744470221,-0.022986403531359393,0.0,0.0,0.0025584178251995835,-0.0009213858799203925,-0.035233012954479434,0.000881775823043585,0.0,0.0030728468968090734,0.0,0.0,0.0,0.0,-0.0009456848484616191,-0.0035389783644243296,-0.0003269346815178352,0.0005926756681775569,0.0011707642295051128,0.006007830485566309,-0.005778426306703642,0.0,0.00874108457167483,-0.003628388042957652,0.002497271709191927,0.00033009467529092074,0.02588404737256683,0.0139452826853143,-0.0018855254314708917,-0.005154106765985489
96,-0.0040590418459661255,0.004329640724549804,-0.015489127893723233,0.007237845471853762,-0.1483937833051253,-0.0003757462304694846,0.009450817979157507,-0.006369511420316279,-0.056088055180908536,-0.0023994237956436624,-0.10352186746568212,0.036692662266471845,-0.08372885484441386,0.006891637803502304,-0.00654463752473316,-0.0019311604021069258,0.0,-0.0006395780345801385,-0.0014211084567618455,0.0,-0.001208877636462837,0.0,0.001812025562430275,-0.01635076065872902,-0.0005219456445553288,-0.035872718962428135,0.0019361638735212088,0.0,0.0,-0.0006365784315146995,-0.001439073352884213,0.001043127705791133,0.0,0.0,0.0,0.0008233413320625456,-0.0011084496007915947,-0.00567667769695443,-0.0016683524920564803,0.0026886680754959463,0.0008315428043325836,-0.0382214772165829,-0.001588763775016826,0.0,0.004430689851465155,-0.0027920727787791887,0.0,-0.0020345475988940227,-0.004549739576273554,-0.0360248866813855,0.0005513605470364049,-0.0051972270011901855
97,-0.0018255654340234007,-0.02225478098964765,-0.011679710693624753,-0.011126706095778,0.10948064018407001,0.00563277479521551,0.004774472713602814,0.012603985077679784,-0.01207143032811618,-0.0105780042126124,-0.33568195687035174,-0.014243821417568112,0.034136617777387045,-0.006531254504789689,0.009371672280589136,-0.00198060445720991,-0.0008935799814460592,-0.0006087479184448255,0.0,0.0,-0.0006373023184097217,0.0,0.0,-0.020931763704057516,0.0,0.0,-0.03566842621340659,0.0,0.002270618281830781,0.0,0.0,0.0029838522496915274,0.0,-0.0005863110613939976,0.0,-0.0006208792535810192,0.0,-0.0026673503582310396,0.0,0.0,0.0007672281894276305,0.004303494513453814,0.0,-0.00031963509116701147,-0.03255748656262656,-0.001970525183531225,0.0019718618575222126,0.0,0.022495014573874556,0.011346995445832576,-0.002482895240108211,-0.0036575794219970703
98,-0.025024058468284024,0.03694479599378299,-0.004402218630475062,-0.000646122525333931,-0.09598306040956917,0.0,0.01661435159225566,-0.004656163162222417,-0.1333237592702046,-0.003675687458156204,-0.07727391210750194,-0.006719296116459791,-0.06186608644780557,0.03596966442444975,-0.025424941590644977,-0.0011519217811891982,-0.0007251868953741915,0.0,0.0,0.035911902525618294,-0.0009210992783570974,0.0,-0.00018301429979038797,-0.023667958221762767,0.0,0.0,0.001743040882348587,-0.0003046236457739034,0.0021481936574908093,0.0,-0.0003552720001047,0.003025284006938574,0.0,0.0,0.0,0.0,-0.000784990462250283,-0.0025543597522534977,-0.000576301046242779,-0.0009030477253574346,0.0005974671561236341,0.005658653700246026,0.000903439782545549,-0.0008101125329976086,0.007371596206835777,-0.003608493196790577,0.002052308209632197,0.0,-0.008449425144242285,0.013507548162848541,0.0025368458644922476,-0.007094234228134155
99,0.010710581145642618,-0.021757696454477518,0.01997174104433824,0.002261888385325592,-0.042104831953305784,0.007508712254306945,0.0,-0.005115509652015583,0.18461144674311025,0.0025887114994251697,-0.006749658819850295,0.010341756229266818,0.033393720852519876,-0.01883137926561651,0.032369524168250126,0.007087203488712476,-0.0003216288064947415,0.0,0.0,0.0,-0.001291694902177453,0.0,0.0,-0.016472498349548247,-0.0007593623382764375,0.0,0.0027544414932118818,-0.0014522948555118133,0.002980475647907204,0.0010508563240867912,0.009236192446293024,0.004139247937104934,0.0,0.0,0.0,-0.00046448620062365653,-0.0014005038229736241,-0.0018381872270001175,0.0,0.0018045890114889815,0.0004779892573333027,0.004885408881459216,0.0009695509593673833,0.0,0.006225643775154234,-0.0019329486500434096,0.002514530832126235,0.0,0.014781912471899345,0.011163682207061619,-0.0031290444738535286,-0.0024645328521728516
